submission_id,submission_date,URL,first_source_url,first_user_source,first_user_medium,location,top-brands-you-are-looking-for,estimated-monthly-amount-dollar-you-wish-to-buy-from-us,in-which-country-is-your-business-registered,country-to-distribute-products,type-company,how-do-you-know-about-us,Company,Name,Email,calling-code,Phone,preferred-method-of-contact,your-type-of-business-or-the-website,g-recaptcha-response,Week,Month,Day
900000,11/17/2026 23:04,https://example.com/wholesale/?utm_source=google&utm_medium=cpc&utm_term=brand&utm_content=cpc-generic&fbclid=REDACTED&gclid=REDACTED&utm_id=700000000000000000&utm_campaign=700000000000000000,https://example.com/wholesale/?utm_source=google&utm_medium=cpc&utm_term=brand&utm_content=cpc-generic&fbclid=REDACTED&gclid=REDACTED&utm_id=700000000000000000&utm_campaign=700000000000000000,google,organic,India,The Ordinary,"Below $5,000",India,India,Retail Chain,Website,Kim Supply 0,Priya Kim,priya.kim.0@example.com,44,5555430000,WeChat,https://example.com/priya.kim.0,,3,11,17
900001,4/12/2026 5:15,https://example.com/wholesale/?utm_source=google&utm_medium=cpc&utm_term=brand&utm_content=cpc-generic&fbclid=REDACTED&gclid=REDACTED&utm_id=700000000000000100&utm_campaign=700000000000000100,https://example.com/wholesale/?utm_source=google&utm_medium=cpc&utm_term=brand&utm_content=cpc-generic&fbclid=REDACTED&gclid=REDACTED&utm_id=700000000000000100&utm_campaign=700000000000000100,google,organic,Peru,"Aveeno, Aquaphor","Above $20,000 - $50,000",Peru,Peru,Retail Chain,Google,Novak LLC 1,Aisha Novak,aisha.novak.1@example.com,33,5553100000,Email,,,3,4,12
900002,9/23/2026 20:28,https://example.com/wholesale/?utm_source=google&utm_medium=cpc&utm_term=brand&utm_content=cpc-generic&fbclid=REDACTED&gclid=REDACTED&utm_id=700000000000000300&utm_campaign=700000000000000300,https://example.com/wholesale/?utm_source=google&utm_medium=cpc&utm_term=brand&utm_content=cpc-generic&fbclid=REDACTED&gclid=REDACTED&utm_id=700000000000000300&utm_campaign=700000000000000300,google,organic,Chile,"Vaseline, CeraVe, Bioderma, Garnier","Above $20,000 - $50,000",Chile,Chile,Wholesaler,Other,Okafor LLC 2,Omar Okafor,omar.okafor.2@example.com,90,5557770000,Email,,,4,9,23
900003,9/8/2026 17:06,https://example.com/wholesale/?utm_source=FB&utm_medium=Lead&utm_term=lookalike-reweb&utm_content=terms&fbclid=REDACTED&gclid=REDACTED&utm_id=700000000000000400&utm_campaign=700000000000000400,,,,Botswana," Shea Moisture, Maybelline, Garnier","Above $5,000 - $20,000",Bangladesh,Chile,Retail Chain,Facebook,Okafor Group 3,Omar Okafor,omar.okafor.3@example.com,33,5556500000,Telegram,,,4,9,8
900004,2/3/2026 23:23,https://example.com/wholesale/?utm_source=google&utm_medium=cpc&utm_term=brand&utm_content=cpc-generic&fbclid=REDACTED&gclid=REDACTED&utm_id=700000000000000500&utm_campaign=700000000000000500,https://example.com/wholesale/?utm_source=google&utm_medium=cpc&utm_term=brand&utm_content=cpc-generic&fbclid=REDACTED&gclid=REDACTED&utm_id=700000000000000500&utm_campaign=700000000000000500,google,organic,Germany,Vaseline,"Above $5,000 - $20,000",Germany,Germany,Online Retailer,Friend,Novak Partners 4,Fatima Novak,fatima.novak.4@example.com,49,5559840000,WeChat,,,1,2,3
900005,5/10/2026 21:39,https://example.com/wholesale/,https://example.com/wholesale/?utm_source=google&utm_medium=cpc&utm_term=brand&utm_content=cpc-generic&fbclid=REDACTED&gclid=REDACTED&utm_id=700000000000000600&utm_campaign=700000000000000600,google,organic,Kenya,"Dove, Maybelline","Below $5,000",Kenya,Kenya,Pharmacy,Website,Rossi Store 5,Priya Rossi,priya.rossi.5@example.com,84,5551020000,WhatsApp,,,3,5,10
900006,11/23/2026 15:21,https://example.com/wholesale/,https://example.com/wholesale/?utm_source=FB&utm_medium=Lead&utm_term=lookalike-reweb&utm_content=terms&fbclid=REDACTED&gclid=REDACTED&utm_id=700000000000000800&utm_campaign=700000000000000800,facebook,cpm,Chile,"Aquaphor, L’Oréal Paris","Above $5,000 - $20,000",Chile,Chile,Online Retailer,Tiktok,Novak Co 6,Daniel Novak,daniel.novak.6@example.com,49,5554260000,WeChat,,,5,11,23
900007,4/25/2026 11:25,https://example.com/wholesale/?utm_source=google&utm_medium=cpc&utm_term=brand&utm_content=cpc-generic&fbclid=REDACTED&gclid=REDACTED&utm_id=700000000000000900&utm_campaign=700000000000000900,https://example.com/wholesale/?utm_source=google&utm_medium=cpc&utm_term=brand&utm_content=cpc-generic&fbclid=REDACTED&gclid=REDACTED&utm_id=700000000000000900&utm_campaign=700000000000000900,google,organic,Peru,Bioderma,"Above $20,000 - $50,000",Peru,Australia,Duty Free,LinkedIn,Haddad Trading 7,Maria Haddad,not-an-email,971,5553500000,WeChat,,,1,4,25
900008,12/12/2026 4:24,https://example.com/wholesale/?utm_source=google&utm_medium=cpc&utm_term=brand&utm_content=cpc-generic&fbclid=REDACTED&gclid=REDACTED&utm_id=700000000000001200&utm_campaign=700000000000001200,https://example.com/wholesale/?utm_source=google&utm_medium=cpc&utm_term=brand&utm_content=cpc-generic&fbclid=REDACTED&gclid=REDACTED&utm_id=700000000000001200&utm_campaign=700000000000001200,google,organic,Egypt,"NIVEA, Dr Teal’s, Dark and Lovely, Cetaphil, Maybelline","Above $100,000",Egypt,Egypt,Wholesaler,Website,Novak LLC 8,Alex Novak,alex.novak.8@example.com,971,5552570000,Phone Call,,,2,12,12
900009,10/9/2026 1:03,https://example.com/wholesale/?utm_source=google&utm_medium=cpc&utm_term=brand&utm_content=cpc-generic&fbclid=REDACTED&gclid=REDACTED&utm_id=700000000000001300&utm_campaign=700000000000001300,https://example.com/wholesale/?utm_source=google&utm_medium=cpc&utm_term=brand&utm_content=cpc-generic&fbclid=REDACTED&gclid=REDACTED&utm_id=700000000000001300&utm_campaign=700000000000001300,google,organic,Italy,Dr Teal’s,"Above $5,000 - $20,000",Germany,Kenya,Wholesaler,LinkedIn,Patel Group 9,Priya Patel,priya.patel.9@example.com,971,5553180000,Phone Call,,,2,10,9
900010,7/27/2026 14:20,https://example.com/wholesale/?utm_source=FB&utm_medium=Lead&utm_term=lookalike-reweb&utm_content=terms&fbclid=REDACTED&gclid=REDACTED&utm_id=700000000000001400&utm_campaign=700000000000001400,,,,South Africa,"Garnier, Dove,  Shea Moisture, Carmex, Aquaphor, EOS, Kiehl’s","Above $5,000 - $20,000",South Africa,South Africa,Online Retailer,Facebook,Okafor Store 10,Maria Okafor,maria.okafor.10@example.com,90,5559740000,Phone Call,,,2,7,27
900011,3/9/2026 13:58,https://example.com/wholesale/,https://example.com/wholesale/?utm_source=google&utm_medium=cpc&utm_term=brand&utm_content=cpc-generic&fbclid=REDACTED&gclid=REDACTED&utm_id=700000000000001500&utm_campaign=700000000000001500,google,organic,South Africa,"Garnier, Dove, EOS, Eucerin, Aquaphor","Above $5,000 - $20,000",United States,Vietnam,Beauty Salon,Other,Novak Co 11,Priya Novak,priya.novak.11@example.com,84,5552110000,Phone Call,,,1,3,9
900012,8/4/2026 23:02,https://example.com/wholesale/,https://example.com/wholesale/?utm_source=FB&utm_medium=Lead&utm_term=lookalike-reweb&utm_content=terms&fbclid=REDACTED&gclid=REDACTED&utm_id=700000000000001700&utm_campaign=700000000000001700,facebook,cpm,South Africa,Kiehl’s,"Above $100,000",South Africa,South Africa,Retail Chain,Instagram,Okafor Group 12,James Okafor,james.okafor.12@example.com,966,5556400000,Email,,,5,8,4
900013,9/24/2026 23:02,https://example.com/wholesale/?utm_source=google&utm_medium=cpc&utm_term=brand&utm_content=cpc-generic&fbclid=REDACTED&gclid=REDACTED&utm_id=700000000000001800&utm_campaign=700000000000001800,https://example.com/wholesale/?utm_source=google&utm_medium=cpc&utm_term=brand&utm_content=cpc-generic&fbclid=REDACTED&gclid=REDACTED&utm_id=700000000000001800&utm_campaign=700000000000001800,google,organic,Bangladesh,"Fenty Beauty, Advanced Clinicals, Aquaphor, Cetaphil","Below $5,000",Bangladesh,Bangladesh,Supermarket,Website,Silva Co 13,Maria Silva,maria.silva.13@example.com,90,5552290000,Phone Call,,,1,9,24
900014,8/11/2026 3:50,https://example.com/wholesale/?utm_source=google&utm_medium=cpc&utm_term=brand&utm_content=cpc-generic&fbclid=REDACTED&gclid=REDACTED&utm_id=700000000000001900&utm_campaign=700000000000001900,https://example.com/wholesale/?utm_source=google&utm_medium=cpc&utm_term=brand&utm_content=cpc-generic&fbclid=REDACTED&gclid=REDACTED&utm_id=700000000000001900&utm_campaign=700000000000001900,google,organic,India,"Vaseline, NIVEA, Dark and Lovely, Carmex","Above $20,000 - $50,000",India,India,Retail Chain,Google,Patel Co 14,Daniel Patel,daniel.patel.14@example.com,234,5553400000,WeChat,,,3,8,11
900015,1/23/2026 10:11,https://example.com/wholesale/?utm_source=FB&utm_medium=Lead&utm_term=lookalike-reweb&utm_content=terms&fbclid=REDACTED&gclid=REDACTED&utm_id=700000000000002000&utm_campaign=700000000000002000,https://example.com/wholesale/?utm_source=FB&utm_medium=Lead&utm_term=lookalike-reweb&utm_content=terms&fbclid=REDACTED&gclid=REDACTED&utm_id=700000000000002000&utm_campaign=700000000000002000,facebook,cpm,Botswana,"Maybelline, Aquaphor, Carmex","Below $5,000",Botswana,Botswana,Online Retailer,Facebook,Okafor Co 15,Omar Okafor,omar.okafor.15@example.com,49,5557420000,Email,,,4,1,23
900016,4/21/2026 5:04,https://example.com/wholesale/?utm_source=FB&utm_medium=Lead&utm_term=lookalike-reweb&utm_content=terms&fbclid=REDACTED&gclid=REDACTED&utm_id=700000000000002200&utm_campaign=700000000000002200,https://example.com/wholesale/?utm_source=FB&utm_medium=Lead&utm_term=lookalike-reweb&utm_content=terms&fbclid=REDACTED&gclid=REDACTED&utm_id=700000000000002200&utm_campaign=700000000000002200,facebook,cpm,Spain,"NIVEA, Fenty Beauty, Bentonite, Garnier, Maybelline","Above $50,000 - $100,000",Spain,Spain,Retail Chain,Facebook,Kim LLC 16,Maria Kim,maria.kim.16@example.com,27,5554710000,Telegram,,,3,4,21
900017,10/9/2026 2:44,https://example.com/wholesale/?utm_source=google&utm_medium=cpc&utm_term=brand&utm_content=cpc-generic&fbclid=REDACTED&gclid=REDACTED&utm_id=700000000000002300&utm_campaign=700000000000002300,https://example.com/wholesale/?utm_source=google&utm_medium=cpc&utm_term=brand&utm_content=cpc-generic&fbclid=REDACTED&gclid=REDACTED&utm_id=700000000000002300&utm_campaign=700000000000002300,google,organic,Kenya,"Fenty Beauty, CeraVe, Dr Teal’s, Advanced Clinicals, Bioderma, Aquaphor, Carmex","Above $20,000 - $50,000",Kenya,Kenya,Wholesaler,Google,Haddad Co 17,Omar Haddad,omar.haddad.17@example.com,52,5556750000,WhatsApp,https://example.com/omar.haddad.17,,1,10,9
900018,12/12/2026 15:23,https://example.com/wholesale/?utm_source=google&utm_medium=cpc&utm_term=brand&utm_content=cpc-generic&fbclid=REDACTED&gclid=REDACTED&utm_id=700000000000002400&utm_campaign=700000000000002400,https://example.com/wholesale/?utm_source=google&utm_medium=cpc&utm_term=brand&utm_content=cpc-generic&fbclid=REDACTED&gclid=REDACTED&utm_id=700000000000002400&utm_campaign=700000000000002400,google,organic,Sweden,"Dove, Cetaphil","Above $5,000 - $20,000",Brazil,Sweden,Beauty Salon,Google,Nguyen Group 18,Chen Nguyen,chen.nguyen.18@example.com,1,5558130000,Telegram,,,5,12,12
900019,1/27/2026 0:25,https://example.com/wholesale/?utm_source=google&utm_medium=cpc&utm_term=brand&utm_content=cpc-generic&fbclid=REDACTED&gclid=REDACTED&utm_id=700000000000002600&utm_campaign=700000000000002600,https://example.com/wholesale/?utm_source=google&utm_medium=cpc&utm_term=brand&utm_content=cpc-generic&fbclid=REDACTED&gclid=REDACTED&utm_id=700000000000002600&utm_campaign=700000000000002600,google,organic,Saudi Arabia,"Bath and Body Works, The Ordinary, Maybelline, EOS, Aveeno","Below $5,000",India,Sweden,Distributor,Ebay,Patel Supply 19,Luis Patel,luis.patel.19@example.com,971,5559040000,WhatsApp,,,2,1,27
900020,5/8/2026 22:09,https://example.com/wholesale/?utm_source=google&utm_medium=cpc&utm_term=brand&utm_content=cpc-generic&fbclid=REDACTED&gclid=REDACTED&utm_id=700000000000002700&utm_campaign=700000000000002700,https://example.com/wholesale/?utm_source=google&utm_medium=cpc&utm_term=brand&utm_content=cpc-generic&fbclid=REDACTED&gclid=REDACTED&utm_id=700000000000002700&utm_campaign=700000000000002700,google,organic,Saudi Arabia,Maybelline,"Below $5,000",Saudi Arabia,Saudi Arabia,Pharmacy,Friend,Rivera LLC 20,Nina Rivera,nina.rivera.20@example.com,966,5555510000,WeChat,,,1,5,8
900021,12/2/2026 0:21,https://example.com/wholesale/?utm_source=FB&utm_medium=Lead&utm_term=lookalike-reweb&utm_content=terms&fbclid=REDACTED&gclid=REDACTED&utm_id=700000000000002800&utm_campaign=700000000000002800,https://example.com/wholesale/?utm_source=FB&utm_medium=Lead&utm_term=lookalike-reweb&utm_content=terms&fbclid=REDACTED&gclid=REDACTED&utm_id=700000000000002800&utm_campaign=700000000000002800,facebook,cpm,Botswana,"Aquaphor, Dove, Dr Teal’s, La Roche-Posay, Maybelline","Below $5,000",Botswana,Botswana,Retail Chain,Facebook,Patel Supply 21,Sofia Patel,sofia.patel.21@example.com,254,5557730000,Email,,,3,12,2
900022,10/4/2026 9:27,https://example.com/wholesale/?utm_source=google&utm_medium=cpc&utm_term=brand&utm_content=cpc-generic&fbclid=REDACTED&gclid=REDACTED&utm_id=700000000000003100&utm_campaign=700000000000003100,https://example.com/wholesale/?utm_source=google&utm_medium=cpc&utm_term=brand&utm_content=cpc-generic&fbclid=REDACTED&gclid=REDACTED&utm_id=700000000000003100&utm_campaign=700000000000003100,google,organic,Philippines,L’Oréal Paris,"Below $5,000",Philippines,Philippines,Others,Ebay,Kim Supply 22,Alex Kim,alex.kim.22@example.com,233,5558100000,Phone Call,,,4,10,4
900023,1/15/2026 23:47,https://example.com/wholesale/?utm_source=FB&utm_medium=Lead&utm_term=lookalike-reweb&utm_content=terms&fbclid=REDACTED&gclid=REDACTED&utm_id=700000000000003200&utm_campaign=700000000000003200,https://example.com/wholesale/?utm_source=FB&utm_medium=Lead&utm_term=lookalike-reweb&utm_content=terms&fbclid=REDACTED&gclid=REDACTED&utm_id=700000000000003200&utm_campaign=700000000000003200,facebook,cpm,France,"Maybelline, Eucerin, Bath and Body Works","Below $5,000",France,France,Retail Chain,Facebook,Haddad Partners 23,James Haddad,james.haddad.23@example.com,52,5553300000,WeChat,,,1,1,15
900024,10/25/2026 2:36,https://example.com/wholesale/,,,,Spain,"Bath and Body Works, The Ordinary","Below $5,000",Spain,Spain,Beauty Salon,Facebook,Rossi Group 24,Sofia Rossi,sofia.rossi.24@example.invalid,33,5554670000,Phone Call,,,2,10,25
900025,9/25/2026 16:18,https://example.com/wholesale/?utm_source=google&utm_medium=cpc&utm_term=brand&utm_content=cpc-generic&fbclid=REDACTED&gclid=REDACTED&utm_id=700000000000003500&utm_campaign=700000000000003500,https://example.com/wholesale/?utm_source=google&utm_medium=cpc&utm_term=brand&utm_content=cpc-generic&fbclid=REDACTED&gclid=REDACTED&utm_id=700000000000003500&utm_campaign=700000000000003500,google,organic,Ghana,"Garnier, NIVEA","Above $50,000 - $100,000",Ghana,Ghana,Wholesaler,Exhibition,Okafor Group 25,Nina Okafor,nina.okafor.25@example.com,966,5553560000,Telegram,,,2,9,25
900026,6/3/2026 10:23,https://example.com/wholesale/,https://example.com/wholesale/?utm_source=FB&utm_medium=Lead&utm_term=lookalike-reweb&utm_content=terms&fbclid=REDACTED&gclid=REDACTED&utm_id=700000000000003600&utm_campaign=700000000000003600,facebook,cpm,Brazil,"Vaseline, Fenty Beauty, Bentonite","Above $5,000 - $20,000",India,Pakistan,Online Retailer,Facebook,Novak Store 26,Fatima Novak,fatima.novak.26@example.com,52,5558630000,Email,,,1,6,3
900027,7/4/2026 11:57,https://example.com/wholesale/?utm_source=google&utm_medium=cpc&utm_term=brand&utm_content=cpc-generic&fbclid=REDACTED&gclid=REDACTED&utm_id=700000000000003700&utm_campaign=700000000000003700,https://example.com/wholesale/?utm_source=google&utm_medium=cpc&utm_term=brand&utm_content=cpc-generic&fbclid=REDACTED&gclid=REDACTED&utm_id=700000000000003700&utm_campaign=700000000000003700,google,organic,Poland,"Bentonite, Garnier, Dr Teal’s","Above $5,000 - $20,000",Poland,Poland,Duty Free,Google,Haddad LLC 27,Maria Haddad,maria.haddad.27@example.invalid,44,5557710000,Telegram,,,2,7,4
900028,5/9/2026 13:16,https://example.com/wholesale/?utm_source=FB&utm_medium=Lead&utm_term=lookalike-reweb&utm_content=terms&fbclid=REDACTED&gclid=REDACTED&utm_id=700000000000003800&utm_campaign=700000000000003800,,,,Egypt,"Cetaphil, Aquaphor, Carmex","Below $5,000",Egypt,Egypt,Pharmacy,Facebook,Rivera Trading 28,Sofia Rivera,sofia.rivera.28@example.com,254,5556240000,Phone Call,,,2,5,9
900029,9/22/2026 3:33,https://example.com/wholesale/,https://example.com/wholesale/?utm_source=google&utm_medium=cpc&utm_term=brand&utm_content=cpc-generic&fbclid=REDACTED&gclid=REDACTED&utm_id=700000000000004000&utm_campaign=700000000000004000,google,organic,Italy,"Bath and Body Works, Cetaphil, Aquaphor","Above $5,000 - $20,000",Nigeria,Australia,Wholesaler,Exhibition,Haddad Trading 28,Luis Haddad,luis.haddad.29@example.com,44,5559710000,Email,,,2,9,22
900030,10/18/2026 11:31,https://example.com/wholesale/?utm_source=FB&utm_medium=Lead&utm_term=lookalike-reweb&utm_content=terms&fbclid=REDACTED&gclid=REDACTED&utm_id=700000000000004100&utm_campaign=700000000000004100,https://example.com/wholesale/?utm_source=FB&utm_medium=Lead&utm_term=lookalike-reweb&utm_content=terms&fbclid=REDACTED&gclid=REDACTED&utm_id=700000000000004100&utm_campaign=700000000000004100,facebook,cpm,Vietnam,"Carmex, Garnier","Above $5,000 - $20,000",Vietnam,Vietnam,Pharmacy,Facebook,Nguyen Group 30,Maria Nguyen,maria.nguyen.30@example.com,254,5553060000,Telegram,https://example.com/maria.nguyen.30,,2,10,18
900031,9/2/2026 17:23,https://example.com/wholesale/?utm_source=FB&utm_medium=Lead&utm_term=lookalike-reweb&utm_content=terms&fbclid=REDACTED&gclid=REDACTED&utm_id=700000000000004200&utm_campaign=700000000000004200,https://example.com/wholesale/?utm_source=FB&utm_medium=Lead&utm_term=lookalike-reweb&utm_content=terms&fbclid=REDACTED&gclid=REDACTED&utm_id=700000000000004200&utm_campaign=700000000000004200,facebook,cpm,Germany,"CeraVe, Dr Teal’s, The Ordinary, NIVEA","Above $100,000",Brazil,Brazil,Wholesaler,Facebook,Silva Trading 31,Priya Silva,priya.silva.31@example.com,44,5553140000,Phone Call,,,2,9,2
900032,2/16/2026 2:28,https://example.com/wholesale/?utm_source=google&utm_medium=cpc&utm_term=brand&utm_content=cpc-generic&fbclid=REDACTED&gclid=REDACTED&utm_id=700000000000004400&utm_campaign=700000000000004400,https://example.com/wholesale/?utm_source=google&utm_medium=cpc&utm_term=brand&utm_content=cpc-generic&fbclid=REDACTED&gclid=REDACTED&utm_id=700000000000004400&utm_campaign=700000000000004400,google,organic,Philippines,"Bioderma, L’Oréal Paris, Bath and Body Works","Above $5,000 - $20,000",Peru,Spain,Pharmacy,LinkedIn,Kim Distribution 32,Sofia Kim,sofia.kim.32@example.com,966,5554280000,Email,,,1,2,16
900033,3/8/2026 5:12,https://example.com/wholesale/,https://example.com/wholesale/?utm_source=google&utm_medium=cpc&utm_term=brand&utm_content=cpc-generic&fbclid=REDACTED&gclid=REDACTED&utm_id=700000000000004500&utm_campaign=700000000000004500,google,organic,Italy,Bioderma,"Below $5,000",Italy,Italy,Online Retailer,Friend,Okafor Supply 33,Daniel Okafor,daniel.okafor.33@example.com,61,5559800000,WeChat,,,1,3,8
900034,4/26/2026 14:11,https://example.com/wholesale/?utm_source=google&utm_medium=cpc&utm_term=brand&utm_content=cpc-generic&fbclid=REDACTED&gclid=REDACTED&utm_id=700000000000004600&utm_campaign=700000000000004600,https://example.com/wholesale/?utm_source=google&utm_medium=cpc&utm_term=brand&utm_content=cpc-generic&fbclid=REDACTED&gclid=REDACTED&utm_id=700000000000004600&utm_campaign=700000000000004600,google,organic,United Kingdom,Aveeno,"Above $5,000 - $20,000",United Kingdom,United Kingdom,Beauty Salon,Other,Nguyen LLC 34,Chen Nguyen,chen.nguyen.34@example.com,55,5558910000,Email,,,1,4,26
900035,11/26/2026 9:12,https://example.com/wholesale/?utm_source=google&utm_medium=cpc&utm_term=brand&utm_content=cpc-generic&fbclid=REDACTED&gclid=REDACTED&utm_id=700000000000004700&utm_campaign=700000000000004700,,,,Netherlands,"Dr Teal’s, Aveeno","Below $5,000",Netherlands,Netherlands,Online Retailer,LinkedIn,Novak Co 35,Sofia Novak,sofia.novak.35@example.com,971,5558920000,WeChat,,,4,11,26
900036,11/2/2026 2:54,https://example.com/wholesale/?utm_source=FB&utm_medium=Lead&utm_term=lookalike-reweb&utm_content=terms&fbclid=REDACTED&gclid=REDACTED&utm_id=700000000000005000&utm_campaign=700000000000005000,https://example.com/wholesale/?utm_source=FB&utm_medium=Lead&utm_term=lookalike-reweb&utm_content=terms&fbclid=REDACTED&gclid=REDACTED&utm_id=700000000000005000&utm_campaign=700000000000005000,facebook,cpm,Mexico,Kiehl’s,"Above $50,000 - $100,000",Mexico,Mexico,Pharmacy,Tiktok,Novak Distribution 36,Chen Novak,chen.novak.36@example.com,254,5551460000,Phone Call,,,2,11,2
900037,11/21/2026 18:59,https://example.com/wholesale/?utm_source=google&utm_medium=cpc&utm_term=brand&utm_content=cpc-generic&fbclid=REDACTED&gclid=REDACTED&utm_id=700000000000005100&utm_campaign=700000000000005100,https://example.com/wholesale/?utm_source=google&utm_medium=cpc&utm_term=brand&utm_content=cpc-generic&fbclid=REDACTED&gclid=REDACTED&utm_id=700000000000005100&utm_campaign=700000000000005100,google,organic,Pakistan,"Bath and Body Works, Garnier, The Ordinary, Aveeno","Above $5,000 - $20,000",Pakistan,Pakistan,Wholesaler,LinkedIn,Haddad Store 37,Omar Haddad,omar.haddad.37@example.com,55,5558230000,Email,,,5,11,21
900038,8/1/2026 11:42,https://example.com/wholesale/?utm_source=google&utm_medium=cpc&utm_term=brand&utm_content=cpc-generic&fbclid=REDACTED&gclid=REDACTED&utm_id=700000000000005200&utm_campaign=700000000000005200,https://example.com/wholesale/?utm_source=google&utm_medium=cpc&utm_term=brand&utm_content=cpc-generic&fbclid=REDACTED&gclid=REDACTED&utm_id=700000000000005200&utm_campaign=700000000000005200,google,organic,Canada,Cetaphil,"Above $100,000",Egypt,South Africa,Pharmacy,Other,Rivera LLC 38,Maria Rivera,maria.rivera.38@example.com,233,5551040000,WhatsApp,,,1,8,1
900039,7/26/2026 5:58,https://example.com/wholesale/,https://example.com/wholesale/?utm_source=FB&utm_medium=Lead&utm_term=lookalike-reweb&utm_content=terms&fbclid=REDACTED&gclid=REDACTED&utm_id=700000000000005400&utm_campaign=700000000000005400,facebook,cpm,Vietnam,"Bioderma, Bentonite, CeraVe, Bath and Body Works","Above $5,000 - $20,000",Vietnam,Vietnam,Wholesaler,Facebook,Costa Co 39,Nina Costa,nina.costa.39@example.com,33,5555770000,WhatsApp,https://example.com/nina.costa.39,,2,7,26
900040,8/22/2026 22:10,https://example.com/wholesale/?utm_source=FB&utm_medium=Lead&utm_term=lookalike-reweb&utm_content=terms&fbclid=REDACTED&gclid=REDACTED&utm_id=700000000000005500&utm_campaign=700000000000005500,https://example.com/wholesale/?utm_source=FB&utm_medium=Lead&utm_term=lookalike-reweb&utm_content=terms&fbclid=REDACTED&gclid=REDACTED&utm_id=700000000000005500&utm_campaign=700000000000005500,facebook,cpm,South Africa,"EOS, The Ordinary, Carmex, Bentonite, La Roche-Posay","Above $5,000 - $20,000",Singapore,Sweden,Wholesaler,Facebook,Rivera Store 40,Nina Rivera,nina.rivera.40@example.com,233,5559620000,Email,,,3,8,22
900041,1/10/2026 21:52,https://example.com/wholesale/?utm_source=FB&utm_medium=Lead&utm_term=lookalike-reweb&utm_content=terms&fbclid=REDACTED&gclid=REDACTED&utm_id=700000000000005600&utm_campaign=700000000000005600,https://example.com/wholesale/?utm_source=FB&utm_medium=Lead&utm_term=lookalike-reweb&utm_content=terms&fbclid=REDACTED&gclid=REDACTED&utm_id=700000000000005600&utm_campaign=700000000000005600,facebook,cpm,Ghana,The Ordinary,"Below $5,000",Ghana,Ghana,Online Retailer,Facebook,Kim Co 41,Luis Kim,not-an-email,254,5559210000,Email,,,2,1,10
900042,2/6/2026 21:51,https://example.com/wholesale/?utm_source=google&utm_medium=cpc&utm_term=brand&utm_content=cpc-generic&fbclid=REDACTED&gclid=REDACTED&utm_id=700000000000005800&utm_campaign=700000000000005800,https://example.com/wholesale/?utm_source=google&utm_medium=cpc&utm_term=brand&utm_content=cpc-generic&fbclid=REDACTED&gclid=REDACTED&utm_id=700000000000005800&utm_campaign=700000000000005800,google,organic,Botswana,"Fenty Beauty, Advanced Clinicals","Below $5,000",Botswana,Botswana,Wholesaler,LinkedIn,Costa Group 42,Omar Costa,omar.costa.42@example.com,233,5557770000,Email,,,1,2,6
900043,7/24/2026 10:50,https://example.com/wholesale/,,,,Egypt,Eucerin,"Above $20,000 - $50,000",Colombia,South Africa,Pharmacy,Facebook,Rivera Supply 43,Alex Rivera,alex.rivera.43@example.com,44,5558840000,Telegram,https://example.com/alex.rivera.43,,5,7,24
900044,12/21/2026 12:43,https://example.com/wholesale/?utm_source=google&utm_medium=cpc&utm_term=brand&utm_content=cpc-generic&fbclid=REDACTED&gclid=REDACTED&utm_id=700000000000006000&utm_campaign=700000000000006000,https://example.com/wholesale/?utm_source=google&utm_medium=cpc&utm_term=brand&utm_content=cpc-generic&fbclid=REDACTED&gclid=REDACTED&utm_id=700000000000006000&utm_campaign=700000000000006000,google,organic,Bangladesh,"Fenty Beauty, Maybelline,  Shea Moisture, Aquaphor","Above $5,000 - $20,000",Botswana,Saudi Arabia,Wholesaler,Website,Okafor Co 44,Daniel Okafor,daniel.okafor.44@example.com,27,5557510000,WhatsApp,,,1,12,21
900045,7/8/2026 12:00,https://example.com/wholesale/?utm_source=google&utm_medium=cpc&utm_term=brand&utm_content=cpc-generic&fbclid=REDACTED&gclid=REDACTED&utm_id=700000000000006100&utm_campaign=700000000000006100,https://example.com/wholesale/?utm_source=google&utm_medium=cpc&utm_term=brand&utm_content=cpc-generic&fbclid=REDACTED&gclid=REDACTED&utm_id=700000000000006100&utm_campaign=700000000000006100,google,organic,Germany,"Fenty Beauty, La Roche-Posay","Below $5,000",France,Saudi Arabia,Wholesaler,Other,Patel Co 45,James Patel,james.patel.45@example.com,52,5555740000,WeChat,,,3,7,8
900046,9/25/2026 19:35,https://example.com/wholesale/?utm_source=FB&utm_medium=Lead&utm_term=lookalike-reweb&utm_content=terms&fbclid=REDACTED&gclid=REDACTED&utm_id=700000000000006300&utm_campaign=700000000000006300,https://example.com/wholesale/?utm_source=FB&utm_medium=Lead&utm_term=lookalike-reweb&utm_content=terms&fbclid=REDACTED&gclid=REDACTED&utm_id=700000000000006300&utm_campaign=700000000000006300,facebook,cpm,Kenya,"Vaseline, Bentonite, Advanced Clinicals","Above $5,000 - $20,000",Thailand,Italy,Online Retailer,Facebook,Patel LLC 46,James Patel,not-an-email,44,5556310000,Phone Call,,,5,9,25
900047,6/2/2026 12:27,https://example.com/wholesale/?utm_source=google&utm_medium=cpc&utm_term=brand&utm_content=cpc-generic&fbclid=REDACTED&gclid=REDACTED&utm_id=700000000000006400&utm_campaign=700000000000006400,https://example.com/wholesale/?utm_source=google&utm_medium=cpc&utm_term=brand&utm_content=cpc-generic&fbclid=REDACTED&gclid=REDACTED&utm_id=700000000000006400&utm_campaign=700000000000006400,google,organic,Turkey,CeraVe,"Above $20,000 - $50,000",Turkey,Turkey,Online Retailer,LinkedIn,Kim Partners 47,Fatima Kim,fatima.kim.47@example.com,966,5551550000,WeChat,,,5,6,2
900048,1/17/2026 12:07,https://example.com/wholesale/?utm_source=FB&utm_medium=Lead&utm_term=lookalike-reweb&utm_content=terms&fbclid=REDACTED&gclid=REDACTED&utm_id=700000000000006500&utm_campaign=700000000000006500,https://example.com/wholesale/?utm_source=FB&utm_medium=Lead&utm_term=lookalike-reweb&utm_content=terms&fbclid=REDACTED&gclid=REDACTED&utm_id=700000000000006500&utm_campaign=700000000000006500,facebook,cpm,Australia,Maybelline,"Above $20,000 - $50,000",Colombia,Spain,Distributor,Facebook,Novak Partners 48,Fatima Novak,fatima.novak.48@example.com,254,5554120000,Telegram,,,2,1,17
900049,8/25/2026 20:11,https://example.com/wholesale/?utm_source=google&utm_medium=cpc&utm_term=brand&utm_content=cpc-generic&fbclid=REDACTED&gclid=REDACTED&utm_id=700000000000006700&utm_campaign=700000000000006700,https://example.com/wholesale/?utm_source=google&utm_medium=cpc&utm_term=brand&utm_content=cpc-generic&fbclid=REDACTED&gclid=REDACTED&utm_id=700000000000006700&utm_campaign=700000000000006700,google,organic,Philippines, Shea Moisture,"Above $20,000 - $50,000",Philippines,Philippines,Pharmacy,Google,Okafor Partners 49,Nina Okafor,nina.okafor.49@example.com,90,123,WeChat,,,1,8,25
900050,3/5/2026 12:48,https://example.com/wholesale/,https://example.com/wholesale/?utm_source=google&utm_medium=cpc&utm_term=brand&utm_content=cpc-generic&fbclid=REDACTED&gclid=REDACTED&utm_id=700000000000006900&utm_campaign=700000000000006900,google,organic,UAE,"Bioderma, Dr Teal’s, NIVEA","Above $50,000 - $100,000",Egypt,Colombia,Wholesaler,Google,Silva Distribution 50,Aisha Silva,aisha.silva.50@example.com,234,5554080000,Email,https://example.com/aisha.silva.50,,3,3,5
900051,1/17/2026 23:50,https://example.com/wholesale/?utm_source=FB&utm_medium=Lead&utm_term=lookalike-reweb&utm_content=terms&fbclid=REDACTED&gclid=REDACTED&utm_id=700000000000007000&utm_campaign=700000000000007000,https://example.com/wholesale/?utm_source=FB&utm_medium=Lead&utm_term=lookalike-reweb&utm_content=terms&fbclid=REDACTED&gclid=REDACTED&utm_id=700000000000007000&utm_campaign=700000000000007000,facebook,cpm,Pakistan,"Eucerin, Maybelline, Dr Teal’s, Bath and Body Works, NIVEA, La Roche-Posay","Above $50,000 - $100,000",Vietnam,Pakistan,Distributor,Facebook,Costa LLC 51,Priya Costa,priya.costa.51@example.com,966,123,Telegram,,,4,1,17
900052,10/27/2026 21:30,https://example.com/wholesale/,https://example.com/wholesale/?utm_source=google&utm_medium=cpc&utm_term=brand&utm_content=cpc-generic&fbclid=REDACTED&gclid=REDACTED&utm_id=700000000000007200&utm_campaign=700000000000007200,google,organic,Pakistan,"La Roche-Posay, NIVEA, Eucerin","Above $5,000 - $20,000",Pakistan,Pakistan,Wholesaler,Other,Novak Co 52,Chen Novak,chen.novak.52@example.com,61,5554810000,WhatsApp,,,2,10,27
900053,2/21/2026 15:05,https://example.com/wholesale/?utm_source=google&utm_medium=cpc&utm_term=brand&utm_content=cpc-generic&fbclid=REDACTED&gclid=REDACTED&utm_id=700000000000007300&utm_campaign=700000000000007300,,,,Singapore,"Aquaphor, NIVEA","Above $5,000 - $20,000",Singapore,Singapore,Distributor,Google,Kim Supply 53,Alex Kim,alex.kim.53@example.com,52,123,Email,,,4,2,21
900054,7/20/2026 7:50,https://example.com/wholesale/?utm_source=google&utm_medium=cpc&utm_term=brand&utm_content=cpc-generic&fbclid=REDACTED&gclid=REDACTED&utm_id=700000000000007400&utm_campaign=700000000000007400,https://example.com/wholesale/?utm_source=google&utm_medium=cpc&utm_term=brand&utm_content=cpc-generic&fbclid=REDACTED&gclid=REDACTED&utm_id=700000000000007400&utm_campaign=700000000000007400,google,organic,Germany,"The Ordinary, Fenty Beauty","Below $5,000",Germany,Germany,Wholesaler,Ebay,Kim Store 54,Sofia Kim,sofia.kim.54@example.com,1,5551590000,Phone Call,,,2,7,20
900055,4/18/2026 0:54,https://example.com/wholesale/?utm_source=FB&utm_medium=Lead&utm_term=lookalike-reweb&utm_content=terms&fbclid=REDACTED&gclid=REDACTED&utm_id=700000000000007600&utm_campaign=700000000000007600,https://example.com/wholesale/?utm_source=FB&utm_medium=Lead&utm_term=lookalike-reweb&utm_content=terms&fbclid=REDACTED&gclid=REDACTED&utm_id=700000000000007600&utm_campaign=700000000000007600,facebook,cpm,Spain,"The Ordinary, EOS, Aquaphor, Dark and Lovely, CeraVe, Advanced Clinicals","Above $20,000 - $50,000",Spain,Spain,Supermarket,Facebook,Rivera Partners 55,Luis Rivera,luis.rivera.55@example.com,33,5554630000,Email,,,1,4,18
900056,5/5/2026 14:51,https://example.com/wholesale/?utm_source=google&utm_medium=cpc&utm_term=brand&utm_content=cpc-generic&fbclid=REDACTED&gclid=REDACTED&utm_id=700000000000007700&utm_campaign=700000000000007700,https://example.com/wholesale/?utm_source=google&utm_medium=cpc&utm_term=brand&utm_content=cpc-generic&fbclid=REDACTED&gclid=REDACTED&utm_id=700000000000007700&utm_campaign=700000000000007700,google,organic,UAE,EOS,"Below $5,000",UAE,UAE,Others,Website,Kim Group 56,James Kim,james.kim.56@example.com,55,5555280000,Email,,,4,5,5
900057,5/18/2026 14:45,https://example.com/wholesale/?utm_source=FB&utm_medium=Lead&utm_term=lookalike-reweb&utm_content=terms&fbclid=REDACTED&gclid=REDACTED&utm_id=700000000000007800&utm_campaign=700000000000007800,https://example.com/wholesale/?utm_source=FB&utm_medium=Lead&utm_term=lookalike-reweb&utm_content=terms&fbclid=REDACTED&gclid=REDACTED&utm_id=700000000000007800&utm_campaign=700000000000007800,facebook,cpm,Colombia,Fenty Beauty,"Below $5,000",Egypt,United States,Pharmacy,Facebook,Costa Store 57,Daniel Costa,daniel.costa.57@example.com,61,5552900000,WhatsApp,,,2,5,18
900058,10/18/2026 19:49,https://example.com/wholesale/?utm_source=google&utm_medium=cpc&utm_term=brand&utm_content=cpc-generic&fbclid=REDACTED&gclid=REDACTED&utm_id=700000000000008000&utm_campaign=700000000000008000,https://example.com/wholesale/?utm_source=google&utm_medium=cpc&utm_term=brand&utm_content=cpc-generic&fbclid=REDACTED&gclid=REDACTED&utm_id=700000000000008000&utm_campaign=700000000000008000,google,organic,Malaysia,"L’Oréal Paris, Maybelline, Eucerin, Bentonite, NIVEA, Kiehl’s","Above $100,000",Malaysia,Malaysia,Retail Chain,Friend,Patel Distribution 57,Nina Patel,nina.patel.58@example.com,27,5554490000,WhatsApp,,,2,10,18
900059,3/9/2026 21:50,https://example.com/wholesale/?utm_source=google&utm_medium=cpc&utm_term=brand&utm_content=cpc-generic&fbclid=REDACTED&gclid=REDACTED&utm_id=700000000000008100&utm_campaign=700000000000008100,https://example.com/wholesale/?utm_source=google&utm_medium=cpc&utm_term=brand&utm_content=cpc-generic&fbclid=REDACTED&gclid=REDACTED&utm_id=700000000000008100&utm_campaign=700000000000008100,google,organic,Turkey,Fenty Beauty,"Below $5,000",Turkey,Turkey,Pharmacy,LinkedIn,Nguyen LLC 59,Omar Nguyen,omar.nguyen.59@example.com,55,5557870000,Telegram,,,5,3,9
900060,3/28/2026 11:55,https://example.com/wholesale/?utm_source=google&utm_medium=cpc&utm_term=brand&utm_content=cpc-generic&fbclid=REDACTED&gclid=REDACTED&utm_id=700000000000008200&utm_campaign=700000000000008200,https://example.com/wholesale/?utm_source=google&utm_medium=cpc&utm_term=brand&utm_content=cpc-generic&fbclid=REDACTED&gclid=REDACTED&utm_id=700000000000008200&utm_campaign=700000000000008200,google,organic,Philippines,"Aquaphor, Maybelline, Carmex, Bioderma","Below $5,000",Turkey,Singapore,Wholesaler,Website,Novak Trading 60,Aisha Novak,aisha.novak.60@example.com,55,5552440000,WeChat,,,2,3,28
900061,1/12/2026 5:17,https://example.com/wholesale/?utm_source=google&utm_medium=cpc&utm_term=brand&utm_content=cpc-generic&fbclid=REDACTED&gclid=REDACTED&utm_id=700000000000008300&utm_campaign=700000000000008300,https://example.com/wholesale/?utm_source=google&utm_medium=cpc&utm_term=brand&utm_content=cpc-generic&fbclid=REDACTED&gclid=REDACTED&utm_id=700000000000008300&utm_campaign=700000000000008300,google,organic,Netherlands,Dark and Lovely,"Above $20,000 - $50,000",Netherlands,Netherlands,Beauty Salon,LinkedIn,Haddad Supply 61,Aisha Haddad,aisha.haddad.61@example.com,966,5558800000,Telegram,https://example.com/aisha.haddad.61,,1,1,12
900062,9/28/2026 12:09,https://example.com/wholesale/?utm_source=FB&utm_medium=Lead&utm_term=lookalike-reweb&utm_content=terms&fbclid=REDACTED&gclid=REDACTED&utm_id=700000000000008400&utm_campaign=700000000000008400,https://example.com/wholesale/?utm_source=FB&utm_medium=Lead&utm_term=lookalike-reweb&utm_content=terms&fbclid=REDACTED&gclid=REDACTED&utm_id=700000000000008400&utm_campaign=700000000000008400,facebook,cpm,Philippines,Dove,"Above $5,000 - $20,000",Philippines,Philippines,Retail Chain,Instagram,Haddad Distribution 62,Sofia Haddad,sofia.haddad.62@example.invalid,1,123,WhatsApp,,,4,9,28
900063,8/25/2026 8:23,https://example.com/wholesale/?utm_source=google&utm_medium=cpc&utm_term=brand&utm_content=cpc-generic&fbclid=REDACTED&gclid=REDACTED&utm_id=700000000000008600&utm_campaign=700000000000008600,https://example.com/wholesale/?utm_source=google&utm_medium=cpc&utm_term=brand&utm_content=cpc-generic&fbclid=REDACTED&gclid=REDACTED&utm_id=700000000000008600&utm_campaign=700000000000008600,google,organic,Canada,EOS,"Above $5,000 - $20,000",Thailand,Poland,Distributor,Ebay,Rossi Co 63,Maria Rossi,maria.rossi.63@example.invalid,27,5555080000,Telegram,,,2,8,25
900064,5/20/2026 17:13,https://example.com/wholesale/?utm_source=FB&utm_medium=Lead&utm_term=lookalike-reweb&utm_content=terms&fbclid=REDACTED&gclid=REDACTED&utm_id=700000000000008700&utm_campaign=700000000000008700,https://example.com/wholesale/?utm_source=FB&utm_medium=Lead&utm_term=lookalike-reweb&utm_content=terms&fbclid=REDACTED&gclid=REDACTED&utm_id=700000000000008700&utm_campaign=700000000000008700,facebook,cpm,Turkey,"Cetaphil, Carmex, Bentonite, Bioderma","Below $5,000",United Kingdom,Malaysia,Distributor,Facebook,Okafor Co 64,Alex Okafor,alex.okafor.64@example.com,84,5559050000,Email,,,3,5,20
900065,4/4/2026 3:36,https://example.com/wholesale/?utm_source=google&utm_medium=cpc&utm_term=brand&utm_content=cpc-generic&fbclid=REDACTED&gclid=REDACTED&utm_id=700000000000009000&utm_campaign=700000000000009000,https://example.com/wholesale/?utm_source=google&utm_medium=cpc&utm_term=brand&utm_content=cpc-generic&fbclid=REDACTED&gclid=REDACTED&utm_id=700000000000009000&utm_campaign=700000000000009000,google,organic,Canada,Bioderma,"Above $50,000 - $100,000",Canada,Canada,Wholesaler,Youtube,Novak Partners 65,Luis Novak,luis.novak.65@example.com,33,5559520000,WeChat,,,1,4,4
900066,1/6/2026 17:07,https://example.com/wholesale/?utm_source=FB&utm_medium=Lead&utm_term=lookalike-reweb&utm_content=terms&fbclid=REDACTED&gclid=REDACTED&utm_id=700000000000009100&utm_campaign=700000000000009100,https://example.com/wholesale/?utm_source=FB&utm_medium=Lead&utm_term=lookalike-reweb&utm_content=terms&fbclid=REDACTED&gclid=REDACTED&utm_id=700000000000009100&utm_campaign=700000000000009100,facebook,cpm,Thailand,Aveeno,"Above $5,000 - $20,000",Thailand,Thailand,Online Retailer,Facebook,Haddad Store 66,Chen Haddad,chen.haddad.66@example.com,49,5554760000,Telegram,,,2,1,6
900067,9/17/2026 13:48,https://example.com/wholesale/?utm_source=google&utm_medium=cpc&utm_term=brand&utm_content=cpc-generic&fbclid=REDACTED&gclid=REDACTED&utm_id=700000000000009200&utm_campaign=700000000000009200,https://example.com/wholesale/?utm_source=google&utm_medium=cpc&utm_term=brand&utm_content=cpc-generic&fbclid=REDACTED&gclid=REDACTED&utm_id=700000000000009200&utm_campaign=700000000000009200,google,organic,Botswana,Aveeno,"Above $20,000 - $50,000",Botswana,Botswana,Online Retailer,Exhibition,Costa Supply 67,James Costa,james.costa.67@example.com,971,5559580000,Email,,,4,9,17
900068,9/2/2026 11:23,https://example.com/wholesale/?utm_source=FB&utm_medium=Lead&utm_term=lookalike-reweb&utm_content=terms&fbclid=REDACTED&gclid=REDACTED&utm_id=700000000000009300&utm_campaign=700000000000009300,https://example.com/wholesale/?utm_source=FB&utm_medium=Lead&utm_term=lookalike-reweb&utm_content=terms&fbclid=REDACTED&gclid=REDACTED&utm_id=700000000000009300&utm_campaign=700000000000009300,facebook,cpm,Australia,"EOS, Eucerin","Above $5,000 - $20,000",Australia,Australia,Wholesaler,Facebook,Haddad Co 68,Alex Haddad,alex.haddad.68@example.com,44,5556240000,WhatsApp,,,4,9,2
900069,3/3/2026 5:42,https://example.com/wholesale/?utm_source=google&utm_medium=cpc&utm_term=brand&utm_content=cpc-generic&fbclid=REDACTED&gclid=REDACTED&utm_id=700000000000009500&utm_campaign=700000000000009500,,,,Mexico,Kiehl’s,"Above $5,000 - $20,000",Mexico,Mexico,Pharmacy,LinkedIn,Haddad Trading 69,Omar Haddad,omar.haddad.69@example.com,966,5558100000,WeChat,,,5,3,3
900070,5/20/2026 13:12,https://example.com/wholesale/?utm_source=google&utm_medium=cpc&utm_term=brand&utm_content=cpc-generic&fbclid=REDACTED&gclid=REDACTED&utm_id=700000000000009600&utm_campaign=700000000000009600,https://example.com/wholesale/?utm_source=google&utm_medium=cpc&utm_term=brand&utm_content=cpc-generic&fbclid=REDACTED&gclid=REDACTED&utm_id=700000000000009600&utm_campaign=700000000000009600,google,organic,Botswana,Advanced Clinicals,"Below $5,000",Botswana,Botswana,Wholesaler,Website,Kim LLC 70,Nina Kim,nina.kim.70@example.com,1,5553140000,Email,,,4,5,20
900071,5/15/2026 16:22,https://example.com/wholesale/?utm_source=google&utm_medium=cpc&utm_term=brand&utm_content=cpc-generic&fbclid=REDACTED&gclid=REDACTED&utm_id=700000000000009700&utm_campaign=700000000000009700,https://example.com/wholesale/?utm_source=google&utm_medium=cpc&utm_term=brand&utm_content=cpc-generic&fbclid=REDACTED&gclid=REDACTED&utm_id=700000000000009700&utm_campaign=700000000000009700,google,organic,Germany,"Kiehl’s, EOS","Above $50,000 - $100,000",Nigeria,Bangladesh,Retail Chain,Website,Haddad Trading 71,Priya Haddad,priya.haddad.71@example.com,1,5554530000,Phone Call,,,2,5,15
900072,10/9/2026 0:42,https://example.com/wholesale/?utm_source=google&utm_medium=cpc&utm_term=brand&utm_content=cpc-generic&fbclid=REDACTED&gclid=REDACTED&utm_id=700000000000009900&utm_campaign=700000000000009900,https://example.com/wholesale/?utm_source=google&utm_medium=cpc&utm_term=brand&utm_content=cpc-generic&fbclid=REDACTED&gclid=REDACTED&utm_id=700000000000009900&utm_campaign=700000000000009900,google,organic,Thailand,"Cetaphil, The Ordinary","Below $5,000",Thailand,Thailand,Pharmacy,Friend,Nguyen Trading 72,Alex Nguyen,alex.nguyen.72@example.com,233,5553990000,Telegram,https://example.com/alex.nguyen.72,,5,10,9
900073,3/4/2026 23:52,https://example.com/wholesale/?utm_source=FB&utm_medium=Lead&utm_term=lookalike-reweb&utm_content=terms&fbclid=REDACTED&gclid=REDACTED&utm_id=700000000000010000&utm_campaign=700000000000010000,https://example.com/wholesale/?utm_source=FB&utm_medium=Lead&utm_term=lookalike-reweb&utm_content=terms&fbclid=REDACTED&gclid=REDACTED&utm_id=700000000000010000&utm_campaign=700000000000010000,facebook,cpm,Sweden,"EOS, Aquaphor","Above $5,000 - $20,000",Sweden,Sweden,Online Retailer,Facebook,Rivera Co 73,Aisha Rivera,aisha.rivera.73@example.com,233,5553350000,WhatsApp,https://example.com/aisha.rivera.73,,3,3,4
900074,9/13/2026 11:19,https://example.com/wholesale/?utm_source=google&utm_medium=cpc&utm_term=brand&utm_content=cpc-generic&fbclid=REDACTED&gclid=REDACTED&utm_id=700000000000010100&utm_campaign=700000000000010100,https://example.com/wholesale/?utm_source=google&utm_medium=cpc&utm_term=brand&utm_content=cpc-generic&fbclid=REDACTED&gclid=REDACTED&utm_id=700000000000010100&utm_campaign=700000000000010100,google,organic,Chile,"Garnier, Advanced Clinicals, Bath and Body Works, Vaseline","Above $5,000 - $20,000",Chile,Chile,Pharmacy,Google,Patel Partners 74,Luis Patel,luis.patel.74@example.com,49,5555550000,Email,,,3,9,13
900075,5/11/2026 16:25,https://example.com/wholesale/?utm_source=FB&utm_medium=Lead&utm_term=lookalike-reweb&utm_content=terms&fbclid=REDACTED&gclid=REDACTED&utm_id=700000000000010200&utm_campaign=700000000000010200,,,,South Africa,"Carmex, Dark and Lovely","Below $5,000",Netherlands,United States,Wholesaler,Facebook,Rossi LLC 75,Aisha Rossi,aisha.rossi.75@example.com,90,5554530000,Email,,,3,5,11
900076,3/15/2026 0:28,https://example.com/wholesale/?utm_source=FB&utm_medium=Lead&utm_term=lookalike-reweb&utm_content=terms&fbclid=REDACTED&gclid=REDACTED&utm_id=700000000000010400&utm_campaign=700000000000010400,,,,Thailand,"EOS, Eucerin, NIVEA,  Shea Moisture","Above $5,000 - $20,000",Singapore,Australia,Pharmacy,Facebook,Costa Co 76,Sofia Costa,sofia.costa.76@example.com,52,5552980000,Telegram,,,1,3,15
900077,2/20/2026 12:12,https://example.com/wholesale/?utm_source=google&utm_medium=cpc&utm_term=brand&utm_content=cpc-generic&fbclid=REDACTED&gclid=REDACTED&utm_id=700000000000010500&utm_campaign=700000000000010500,https://example.com/wholesale/?utm_source=google&utm_medium=cpc&utm_term=brand&utm_content=cpc-generic&fbclid=REDACTED&gclid=REDACTED&utm_id=700000000000010500&utm_campaign=700000000000010500,google,organic,Australia,"La Roche-Posay, Aquaphor","Above $50,000 - $100,000",Australia,Australia,Others,Youtube,Costa Store 77,James Costa,james.costa.77@example.com,966,5555380000,WhatsApp,,,4,2,20
900078,2/19/2026 6:23,https://example.com/wholesale/?utm_source=FB&utm_medium=Lead&utm_term=lookalike-reweb&utm_content=terms&fbclid=REDACTED&gclid=REDACTED&utm_id=700000000000010600&utm_campaign=700000000000010600,https://example.com/wholesale/?utm_source=FB&utm_medium=Lead&utm_term=lookalike-reweb&utm_content=terms&fbclid=REDACTED&gclid=REDACTED&utm_id=700000000000010600&utm_campaign=700000000000010600,facebook,cpm,Ghana,Eucerin,"Below $5,000",Ghana,Ghana,Wholesaler,Facebook,Haddad Store 78,Omar Haddad,omar.haddad.78@example.com,44,5551850000,Phone Call,,,2,2,19
900079,12/14/2026 15:31,https://example.com/wholesale/?utm_source=google&utm_medium=cpc&utm_term=brand&utm_content=cpc-generic&fbclid=REDACTED&gclid=REDACTED&utm_id=700000000000010900&utm_campaign=700000000000010900,https://example.com/wholesale/?utm_source=google&utm_medium=cpc&utm_term=brand&utm_content=cpc-generic&fbclid=REDACTED&gclid=REDACTED&utm_id=700000000000010900&utm_campaign=700000000000010900,google,organic,Italy,"Aveeno, The Ordinary, Dr Teal’s, Cetaphil, Bentonite, Advanced Clinicals","Above $5,000 - $20,000",Turkey,Pakistan,Online Retailer,Friend,Rivera Group 79,Alex Rivera,alex.rivera.79@example.com,33,5557400000,WhatsApp,,,2,12,14
900080,11/7/2026 0:41,https://example.com/wholesale/?utm_source=FB&utm_medium=Lead&utm_term=lookalike-reweb&utm_content=terms&fbclid=REDACTED&gclid=REDACTED&utm_id=700000000000011000&utm_campaign=700000000000011000,https://example.com/wholesale/?utm_source=FB&utm_medium=Lead&utm_term=lookalike-reweb&utm_content=terms&fbclid=REDACTED&gclid=REDACTED&utm_id=700000000000011000&utm_campaign=700000000000011000,facebook,cpm,Italy,Eucerin,"Below $5,000",Nigeria,Philippines,Retail Chain,Facebook,Okafor LLC 80,Fatima Okafor,fatima.okafor.80@example.com,27,5552820000,Telegram,,,2,11,7
900081,11/7/2026 19:29,https://example.com/wholesale/?utm_source=google&utm_medium=cpc&utm_term=brand&utm_content=cpc-generic&fbclid=REDACTED&gclid=REDACTED&utm_id=700000000000011100&utm_campaign=700000000000011100,,,,Nigeria,"EOS, Carmex, Bioderma","Above $5,000 - $20,000",Nigeria,Nigeria,Online Retailer,Youtube,Okafor Partners 81,Priya Okafor,priya.okafor.81@example.com,1,5558280000,Email,,,2,11,7
900082,12/1/2026 16:29,https://example.com/wholesale/?utm_source=google&utm_medium=cpc&utm_term=brand&utm_content=cpc-generic&fbclid=REDACTED&gclid=REDACTED&utm_id=700000000000011300&utm_campaign=700000000000011300,,,,Vietnam,"Fenty Beauty, Dr Teal’s","Above $20,000 - $50,000",Vietnam,Vietnam,Wholesaler,Google,Nguyen Co 82,Sofia Nguyen,sofia.nguyen.82@example.com,33,5554200000,Email,,,2,12,1
900083,4/3/2026 7:20,https://example.com/wholesale/,,,,Canada,"The Ordinary, NIVEA","Below $5,000",Canada,Canada,Wholesaler,Tiktok,Costa Group 83,Alex Costa,alex.costa.83@example.com,61,5554500000,Email,https://example.com/alex.costa.83,,2,4,3
900084,7/6/2026 14:31,https://example.com/wholesale/,,,,Peru,"Aquaphor, Advanced Clinicals, Dark and Lovely","Below $5,000",Peru,Peru,Supermarket,Facebook,Kim Store 84,Alex Kim,alex.kim.84@example.com,55,5557650000,WeChat,,,5,7,6
900085,12/5/2026 7:01,https://example.com/wholesale/?utm_source=FB&utm_medium=Lead&utm_term=lookalike-reweb&utm_content=terms&fbclid=REDACTED&gclid=REDACTED&utm_id=700000000000011600&utm_campaign=700000000000011600,https://example.com/wholesale/?utm_source=FB&utm_medium=Lead&utm_term=lookalike-reweb&utm_content=terms&fbclid=REDACTED&gclid=REDACTED&utm_id=700000000000011600&utm_campaign=700000000000011600,facebook,cpm,United Kingdom,"EOS, Carmex, L’Oréal Paris","Below $5,000",United Kingdom,United Kingdom,Others,Facebook,Rossi Supply 85,Maria Rossi,maria.rossi.85@example.com,49,5553890000,Phone Call,https://example.com/maria.rossi.85,,4,12,5
900086,5/7/2026 14:02,https://example.com/wholesale/?utm_source=FB&utm_medium=Lead&utm_term=lookalike-reweb&utm_content=terms&fbclid=REDACTED&gclid=REDACTED&utm_id=700000000000011800&utm_campaign=700000000000011800,https://example.com/wholesale/?utm_source=FB&utm_medium=Lead&utm_term=lookalike-reweb&utm_content=terms&fbclid=REDACTED&gclid=REDACTED&utm_id=700000000000011800&utm_campaign=700000000000011800,facebook,cpm,Mexico,"Carmex, Aveeno","Above $5,000 - $20,000",Mexico,Mexico,Online Retailer,Instagram,Rossi Distribution 86,Priya Rossi,priya.rossi.86@example.com,234,5558240000,Phone Call,,,2,5,7
900087,7/22/2026 14:52,https://example.com/wholesale/?utm_source=FB&utm_medium=Lead&utm_term=lookalike-reweb&utm_content=terms&fbclid=REDACTED&gclid=REDACTED&utm_id=700000000000011900&utm_campaign=700000000000011900,https://example.com/wholesale/?utm_source=FB&utm_medium=Lead&utm_term=lookalike-reweb&utm_content=terms&fbclid=REDACTED&gclid=REDACTED&utm_id=700000000000011900&utm_campaign=700000000000011900,facebook,cpm,Netherlands,Aquaphor,"Above $5,000 - $20,000",Netherlands,Netherlands,Distributor,Facebook,Nguyen Supply 86,James Nguyen,james.nguyen.87@example.com,44,5559850000,Telegram,,,5,7,22
900088,4/3/2026 11:54,https://example.com/wholesale/?utm_source=google&utm_medium=cpc&utm_term=brand&utm_content=cpc-generic&fbclid=REDACTED&gclid=REDACTED&utm_id=700000000000012000&utm_campaign=700000000000012000,https://example.com/wholesale/?utm_source=google&utm_medium=cpc&utm_term=brand&utm_content=cpc-generic&fbclid=REDACTED&gclid=REDACTED&utm_id=700000000000012000&utm_campaign=700000000000012000,google,organic,Poland,"Bath and Body Works, Aveeno, Eucerin","Above $20,000 - $50,000",Poland,Poland,Retail Chain,Ebay,Patel Supply 88,Nina Patel,nina.patel.88@example.com,966,5558230000,Phone Call,,,2,4,3
900089,2/13/2026 10:09,https://example.com/wholesale/,https://example.com/wholesale/?utm_source=google&utm_medium=cpc&utm_term=brand&utm_content=cpc-generic&fbclid=REDACTED&gclid=REDACTED&utm_id=700000000000012200&utm_campaign=700000000000012200,google,organic,Colombia,Bentonite,"Above $5,000 - $20,000",Colombia,Colombia,Wholesaler,Google,Kim Group 89,Priya Kim,priya.kim.89@example.com,49,5558040000,Email,,,1,2,13
900090,3/5/2026 12:25,https://example.com/wholesale/?utm_source=google&utm_medium=cpc&utm_term=brand&utm_content=cpc-generic&fbclid=REDACTED&gclid=REDACTED&utm_id=700000000000012300&utm_campaign=700000000000012300,https://example.com/wholesale/?utm_source=google&utm_medium=cpc&utm_term=brand&utm_content=cpc-generic&fbclid=REDACTED&gclid=REDACTED&utm_id=700000000000012300&utm_campaign=700000000000012300,google,organic,Mexico,"Eucerin, Dove, Bentonite","Above $5,000 - $20,000",Mexico,Mexico,Distributor,Other,Patel Supply 90,Nina Patel,nina.patel.90@example.com,233,5555220000,Phone Call,,,1,3,5
900091,6/11/2026 18:42,https://example.com/wholesale/?utm_source=google&utm_medium=cpc&utm_term=brand&utm_content=cpc-generic&fbclid=REDACTED&gclid=REDACTED&utm_id=700000000000012400&utm_campaign=700000000000012400,https://example.com/wholesale/?utm_source=google&utm_medium=cpc&utm_term=brand&utm_content=cpc-generic&fbclid=REDACTED&gclid=REDACTED&utm_id=700000000000012400&utm_campaign=700000000000012400,google,organic,Canada,"Aveeno, Dark and Lovely, The Ordinary","Above $50,000 - $100,000",Canada,Canada,Online Retailer,Website,Haddad Partners 91,Alex Haddad,not-an-email,49,5555340000,Phone Call,,,3,6,11
900092,11/27/2026 13:39,https://example.com/wholesale/,https://example.com/wholesale/?utm_source=FB&utm_medium=Lead&utm_term=lookalike-reweb&utm_content=terms&fbclid=REDACTED&gclid=REDACTED&utm_id=700000000000012500&utm_campaign=700000000000012500,facebook,cpm,Botswana,"Bioderma, Fenty Beauty, Bentonite","Below $5,000",Botswana,Botswana,Online Retailer,Facebook,Nguyen Store 92,Nina Nguyen,nina.nguyen.92@example.com,254,5555260000,Telegram,,,4,11,27
900093,3/24/2026 10:12,https://example.com/wholesale/?utm_source=google&utm_medium=cpc&utm_term=brand&utm_content=cpc-generic&fbclid=REDACTED&gclid=REDACTED&utm_id=700000000000012800&utm_campaign=700000000000012800,https://example.com/wholesale/?utm_source=google&utm_medium=cpc&utm_term=brand&utm_content=cpc-generic&fbclid=REDACTED&gclid=REDACTED&utm_id=700000000000012800&utm_campaign=700000000000012800,google,organic,Singapore,Vaseline,"Above $20,000 - $50,000",Singapore,Singapore,Retail Chain,Exhibition,Patel Trading 93,Priya Patel,priya.patel.93@example.com,55,5559830000,Email,https://example.com/priya.patel.93,,3,3,24
900094,12/3/2026 13:37,https://example.com/wholesale/,https://example.com/wholesale/?utm_source=google&utm_medium=cpc&utm_term=brand&utm_content=cpc-generic&fbclid=REDACTED&gclid=REDACTED&utm_id=700000000000012900&utm_campaign=700000000000012900,google,organic,Philippines,"Fenty Beauty, La Roche-Posay, Bioderma","Below $5,000",Philippines,Philippines,Pharmacy,Friend,Okafor Store 94,Aisha Okafor,aisha.okafor.94@example.com,234,5552370000,WhatsApp,,,3,12,3
900095,6/12/2026 21:47,https://example.com/wholesale/?utm_source=FB&utm_medium=Lead&utm_term=lookalike-reweb&utm_content=terms&fbclid=REDACTED&gclid=REDACTED&utm_id=700000000000013000&utm_campaign=700000000000013000,https://example.com/wholesale/?utm_source=FB&utm_medium=Lead&utm_term=lookalike-reweb&utm_content=terms&fbclid=REDACTED&gclid=REDACTED&utm_id=700000000000013000&utm_campaign=700000000000013000,facebook,cpm,South Africa,Vaseline,"Above $20,000 - $50,000",Germany,Colombia,Wholesaler,Instagram,Patel Trading 95,James Patel,james.patel.95@example.com,44,5551490000,Phone Call,,,5,6,12
900096,9/18/2026 13:04,https://example.com/wholesale/?utm_source=FB&utm_medium=Lead&utm_term=lookalike-reweb&utm_content=terms&fbclid=REDACTED&gclid=REDACTED&utm_id=700000000000013200&utm_campaign=700000000000013200,https://example.com/wholesale/?utm_source=FB&utm_medium=Lead&utm_term=lookalike-reweb&utm_content=terms&fbclid=REDACTED&gclid=REDACTED&utm_id=700000000000013200&utm_campaign=700000000000013200,facebook,cpm,Nigeria,Bentonite,"Above $20,000 - $50,000",Nigeria,Nigeria,Online Retailer,Tiktok,Silva LLC 96,Nina Silva,nina.silva.96@example.com,1,5552710000,WeChat,,,3,9,18
900097,3/1/2026 3:01,https://example.com/wholesale/,https://example.com/wholesale/?utm_source=google&utm_medium=cpc&utm_term=brand&utm_content=cpc-generic&fbclid=REDACTED&gclid=REDACTED&utm_id=700000000000013300&utm_campaign=700000000000013300,google,organic,Nigeria,"Bentonite, Dove","Below $5,000",Nigeria,Nigeria,Supermarket,LinkedIn,Okafor LLC 97,Chen Okafor,chen.okafor.97@example.com,49,5558750000,Phone Call,,,5,3,1
900098,10/19/2026 21:42,https://example.com/wholesale/?utm_source=google&utm_medium=cpc&utm_term=brand&utm_content=cpc-generic&fbclid=REDACTED&gclid=REDACTED&utm_id=700000000000013400&utm_campaign=700000000000013400,https://example.com/wholesale/?utm_source=google&utm_medium=cpc&utm_term=brand&utm_content=cpc-generic&fbclid=REDACTED&gclid=REDACTED&utm_id=700000000000013400&utm_campaign=700000000000013400,google,organic,South Africa,L’Oréal Paris,"Below $5,000",South Africa,South Africa,Distributor,Exhibition,Costa Co 98,Aisha Costa,aisha.costa.98@example.com,233,5556210000,WhatsApp,,,5,10,19
900099,5/11/2026 15:25,https://example.com/wholesale/?utm_source=FB&utm_medium=Lead&utm_term=lookalike-reweb&utm_content=terms&fbclid=REDACTED&gclid=REDACTED&utm_id=700000000000013600&utm_campaign=700000000000013600,https://example.com/wholesale/?utm_source=FB&utm_medium=Lead&utm_term=lookalike-reweb&utm_content=terms&fbclid=REDACTED&gclid=REDACTED&utm_id=700000000000013600&utm_campaign=700000000000013600,facebook,cpm,Philippines,"Bentonite, Dark and Lovely, EOS","Below $5,000",Philippines,Philippines,Wholesaler,Facebook,Silva Partners 99,Luis Silva,luis.silva.99@example.com,234,5555310000,Telegram,,,3,5,11
900100,9/7/2026 20:40,https://example.com/wholesale/?utm_source=google&utm_medium=cpc&utm_term=brand&utm_content=cpc-generic&fbclid=REDACTED&gclid=REDACTED&utm_id=700000000000013700&utm_campaign=700000000000013700,https://example.com/wholesale/?utm_source=google&utm_medium=cpc&utm_term=brand&utm_content=cpc-generic&fbclid=REDACTED&gclid=REDACTED&utm_id=700000000000013700&utm_campaign=700000000000013700,google,organic,Ghana,"The Ordinary, Cetaphil, EOS","Above $20,000 - $50,000",Ghana,Ghana,Wholesaler,Google,Novak Partners 100,Nina Novak,nina.novak.100@example.com,254,5556420000,WeChat,,,2,9,7
900101,10/24/2026 21:12,https://example.com/wholesale/?utm_source=google&utm_medium=cpc&utm_term=brand&utm_content=cpc-generic&fbclid=REDACTED&gclid=REDACTED&utm_id=700000000000013800&utm_campaign=700000000000013800,https://example.com/wholesale/?utm_source=google&utm_medium=cpc&utm_term=brand&utm_content=cpc-generic&fbclid=REDACTED&gclid=REDACTED&utm_id=700000000000013800&utm_campaign=700000000000013800,google,organic,Pakistan,"Eucerin,  Shea Moisture","Above $50,000 - $100,000",Brazil,Italy,Others,Friend,Haddad Group 101,Maria Haddad,maria.haddad.101@example.com,966,5554270000,Telegram,,,1,10,24
900102,8/24/2026 21:49,https://example.com/wholesale/?utm_source=google&utm_medium=cpc&utm_term=brand&utm_content=cpc-generic&fbclid=REDACTED&gclid=REDACTED&utm_id=700000000000014000&utm_campaign=700000000000014000,https://example.com/wholesale/?utm_source=google&utm_medium=cpc&utm_term=brand&utm_content=cpc-generic&fbclid=REDACTED&gclid=REDACTED&utm_id=700000000000014000&utm_campaign=700000000000014000,google,organic,Botswana,"EOS, Dove, Advanced Clinicals, NIVEA","Below $5,000",Botswana,Botswana,Online Retailer,Friend,Haddad LLC 102,Omar Haddad,omar.haddad.102@example.invalid,33,5553540000,WhatsApp,,,3,8,24
900103,2/15/2026 9:06,https://example.com/wholesale/?utm_source=google&utm_medium=cpc&utm_term=brand&utm_content=cpc-generic&fbclid=REDACTED&gclid=REDACTED&utm_id=700000000000014100&utm_campaign=700000000000014100,https://example.com/wholesale/?utm_source=google&utm_medium=cpc&utm_term=brand&utm_content=cpc-generic&fbclid=REDACTED&gclid=REDACTED&utm_id=700000000000014100&utm_campaign=700000000000014100,google,organic,France,Aveeno,"Below $5,000",France,France,Retail Chain,Google,Costa Trading 103,Chen Costa,chen.costa.103@example.com,52,5559350000,Telegram,,,2,2,15
900104,3/26/2026 17:22,https://example.com/wholesale/,https://example.com/wholesale/?utm_source=google&utm_medium=cpc&utm_term=brand&utm_content=cpc-generic&fbclid=REDACTED&gclid=REDACTED&utm_id=700000000000014200&utm_campaign=700000000000014200,google,organic,Poland,Advanced Clinicals,"Below $5,000",Poland,Poland,Supermarket,Google,Rivera LLC 104,Fatima Rivera,fatima.rivera.104@example.com,90,5551700000,Phone Call,,,4,3,26
900105,12/9/2026 10:56,https://example.com/wholesale/?utm_source=FB&utm_medium=Lead&utm_term=lookalike-reweb&utm_content=terms&fbclid=REDACTED&gclid=REDACTED&utm_id=700000000000014300&utm_campaign=700000000000014300,,,,United Kingdom,"Bath and Body Works, Aveeno","Above $20,000 - $50,000",United Kingdom,United Kingdom,Online Retailer,Facebook,Silva Group 105,Luis Silva,luis.silva.105@example.com,234,5558260000,Telegram,,,2,12,9
900106,2/13/2026 23:43,https://example.com/wholesale/?utm_source=google&utm_medium=cpc&utm_term=brand&utm_content=cpc-generic&fbclid=REDACTED&gclid=REDACTED&utm_id=700000000000014500&utm_campaign=700000000000014500,https://example.com/wholesale/?utm_source=google&utm_medium=cpc&utm_term=brand&utm_content=cpc-generic&fbclid=REDACTED&gclid=REDACTED&utm_id=700000000000014500&utm_campaign=700000000000014500,google,organic,Sweden,"Eucerin, Vaseline","Below $5,000",Sweden,Sweden,Beauty Salon,Exhibition,Haddad Trading 106,Omar Haddad,omar.haddad.106@example.com,44,5559700000,WeChat,,,3,2,13
900107,6/14/2026 18:33,https://example.com/wholesale/?utm_source=google&utm_medium=cpc&utm_term=brand&utm_content=cpc-generic&fbclid=REDACTED&gclid=REDACTED&utm_id=700000000000014700&utm_campaign=700000000000014700,https://example.com/wholesale/?utm_source=google&utm_medium=cpc&utm_term=brand&utm_content=cpc-generic&fbclid=REDACTED&gclid=REDACTED&utm_id=700000000000014700&utm_campaign=700000000000014700,google,organic,Spain,"La Roche-Posay, Eucerin, Garnier, CeraVe, EOS","Below $5,000",Spain,Spain,Wholesaler,Google,Patel Group 107,James Patel,james.patel.107@example.com,55,5557930000,Telegram,,,3,6,14
900108,4/3/2026 10:28,https://example.com/wholesale/?utm_source=google&utm_medium=cpc&utm_term=brand&utm_content=cpc-generic&fbclid=REDACTED&gclid=REDACTED&utm_id=700000000000014800&utm_campaign=700000000000014800,https://example.com/wholesale/?utm_source=google&utm_medium=cpc&utm_term=brand&utm_content=cpc-generic&fbclid=REDACTED&gclid=REDACTED&utm_id=700000000000014800&utm_campaign=700000000000014800,google,organic,Singapore,"Bioderma, The Ordinary, Vaseline","Below $5,000",Poland,France,Retail Chain,Other,Okafor Store 108,Chen Okafor,chen.okafor.108@example.com,49,5557480000,Phone Call,,,2,4,3
900109,5/18/2026 9:11,https://example.com/wholesale/?utm_source=FB&utm_medium=Lead&utm_term=lookalike-reweb&utm_content=terms&fbclid=REDACTED&gclid=REDACTED&utm_id=700000000000015000&utm_campaign=700000000000015000,https://example.com/wholesale/?utm_source=FB&utm_medium=Lead&utm_term=lookalike-reweb&utm_content=terms&fbclid=REDACTED&gclid=REDACTED&utm_id=700000000000015000&utm_campaign=700000000000015000,facebook,cpm,Nigeria,"La Roche-Posay,  Shea Moisture, Maybelline","Below $5,000",Australia,Botswana,Retail Chain,Facebook,Silva Group 109,Maria Silva,maria.silva.109@example.com,49,5555560000,WhatsApp,https://example.com/maria.silva.109,,3,5,18
900110,4/27/2026 15:41,https://example.com/wholesale/?utm_source=FB&utm_medium=Lead&utm_term=lookalike-reweb&utm_content=terms&fbclid=REDACTED&gclid=REDACTED&utm_id=700000000000015100&utm_campaign=700000000000015100,https://example.com/wholesale/?utm_source=FB&utm_medium=Lead&utm_term=lookalike-reweb&utm_content=terms&fbclid=REDACTED&gclid=REDACTED&utm_id=700000000000015100&utm_campaign=700000000000015100,facebook,cpm,Ghana,"Advanced Clinicals, NIVEA","Below $5,000",Philippines,Singapore,Distributor,Facebook,Nguyen Co 110,Nina Nguyen,nina.nguyen.110@example.com,55,5552150000,WeChat,,,1,4,27
900111,1/13/2026 9:22,https://example.com/wholesale/?utm_source=FB&utm_medium=Lead&utm_term=lookalike-reweb&utm_content=terms&fbclid=REDACTED&gclid=REDACTED&utm_id=700000000000015200&utm_campaign=700000000000015200,https://example.com/wholesale/?utm_source=FB&utm_medium=Lead&utm_term=lookalike-reweb&utm_content=terms&fbclid=REDACTED&gclid=REDACTED&utm_id=700000000000015200&utm_campaign=700000000000015200,facebook,cpm,Brazil,"Garnier, Kiehl’s, Dove, La Roche-Posay, Dr Teal’s, Bioderma","Above $5,000 - $20,000",Brazil,Brazil,Wholesaler,Instagram,Nguyen Store 111,Chen Nguyen,chen.nguyen.111@example.com,27,5558000000,Phone Call,https://example.com/chen.nguyen.111,,2,1,13
900112,1/17/2026 1:06,https://example.com/wholesale/?utm_source=FB&utm_medium=Lead&utm_term=lookalike-reweb&utm_content=terms&fbclid=REDACTED&gclid=REDACTED&utm_id=700000000000015400&utm_campaign=700000000000015400,https://example.com/wholesale/?utm_source=FB&utm_medium=Lead&utm_term=lookalike-reweb&utm_content=terms&fbclid=REDACTED&gclid=REDACTED&utm_id=700000000000015400&utm_campaign=700000000000015400,facebook,cpm,Chile,Aquaphor,"Below $5,000",Chile,Chile,Wholesaler,Facebook,Novak Partners 112,Alex Novak,alex.novak.112@example.com,234,5559400000,Telegram,,,5,1,17
900113,3/22/2026 19:53,https://example.com/wholesale/?utm_source=google&utm_medium=cpc&utm_term=brand&utm_content=cpc-generic&fbclid=REDACTED&gclid=REDACTED&utm_id=700000000000015500&utm_campaign=700000000000015500,https://example.com/wholesale/?utm_source=google&utm_medium=cpc&utm_term=brand&utm_content=cpc-generic&fbclid=REDACTED&gclid=REDACTED&utm_id=700000000000015500&utm_campaign=700000000000015500,google,organic,Turkey,"EOS, The Ordinary, CeraVe, Dr Teal’s, Kiehl’s, NIVEA,  Shea Moisture","Above $20,000 - $50,000",Sweden,Netherlands,Distributor,Other,Costa LLC 113,Nina Costa,nina.costa.113@example.com,61,5553970000,Telegram,,,2,3,22
900114,12/25/2026 2:13,https://example.com/wholesale/?utm_source=FB&utm_medium=Lead&utm_term=lookalike-reweb&utm_content=terms&fbclid=REDACTED&gclid=REDACTED&utm_id=700000000000015600&utm_campaign=700000000000015600,https://example.com/wholesale/?utm_source=FB&utm_medium=Lead&utm_term=lookalike-reweb&utm_content=terms&fbclid=REDACTED&gclid=REDACTED&utm_id=700000000000015600&utm_campaign=700000000000015600,facebook,cpm,Germany,Bentonite,"Above $5,000 - $20,000",Germany,Germany,Online Retailer,Facebook,Nguyen Supply 114,Priya Nguyen,priya.nguyen.114@example.com,233,5552550000,Email,https://example.com/priya.nguyen.114,,2,12,25
900115,5/22/2026 21:41,https://example.com/wholesale/?utm_source=google&utm_medium=cpc&utm_term=brand&utm_content=cpc-generic&fbclid=REDACTED&gclid=REDACTED&utm_id=700000000000015700&utm_campaign=700000000000015700,https://example.com/wholesale/?utm_source=google&utm_medium=cpc&utm_term=brand&utm_content=cpc-generic&fbclid=REDACTED&gclid=REDACTED&utm_id=700000000000015700&utm_campaign=700000000000015700,google,organic,Pakistan,Kiehl’s,"Below $5,000",Pakistan,Pakistan,Retail Chain,Ebay,Haddad Co 115,Sofia Haddad,sofia.haddad.115@example.com,233,5551130000,WhatsApp,https://example.com/sofia.haddad.115,,4,5,22
900116,3/15/2026 17:08,https://example.com/wholesale/?utm_source=google&utm_medium=cpc&utm_term=brand&utm_content=cpc-generic&fbclid=REDACTED&gclid=REDACTED&utm_id=700000000000015900&utm_campaign=700000000000015900,,,,Nigeria,Kiehl’s,"Above $5,000 - $20,000",Kenya,Saudi Arabia,Beauty Salon,Google,Silva LLC 115,James Silva,james.silva.116@example.com,966,5559630000,WhatsApp,https://example.com/james.silva.116,,1,3,15
900117,6/28/2026 13:25,https://example.com/wholesale/?utm_source=google&utm_medium=cpc&utm_term=brand&utm_content=cpc-generic&fbclid=REDACTED&gclid=REDACTED&utm_id=700000000000016000&utm_campaign=700000000000016000,https://example.com/wholesale/?utm_source=google&utm_medium=cpc&utm_term=brand&utm_content=cpc-generic&fbclid=REDACTED&gclid=REDACTED&utm_id=700000000000016000&utm_campaign=700000000000016000,google,organic,Chile,"Cetaphil, NIVEA, Bath and Body Works","Above $50,000 - $100,000",Malaysia,Vietnam,Pharmacy,Google,Haddad Distribution 117,James Haddad,not-an-email,49,5554110000,Telegram,,,5,6,28
900118,11/17/2026 14:31,https://example.com/wholesale/?utm_source=google&utm_medium=cpc&utm_term=brand&utm_content=cpc-generic&fbclid=REDACTED&gclid=REDACTED&utm_id=700000000000016100&utm_campaign=700000000000016100,https://example.com/wholesale/?utm_source=google&utm_medium=cpc&utm_term=brand&utm_content=cpc-generic&fbclid=REDACTED&gclid=REDACTED&utm_id=700000000000016100&utm_campaign=700000000000016100,google,organic,Sweden,"NIVEA, Dr Teal’s, The Ordinary","Below $5,000",Ghana,Singapore,Wholesaler,Exhibition,Patel Partners 118,Chen Patel,chen.patel.118@example.com,27,123,Telegram,https://example.com/chen.patel.118,,1,11,17
900119,3/2/2026 20:51,https://example.com/wholesale/?utm_source=google&utm_medium=cpc&utm_term=brand&utm_content=cpc-generic&fbclid=REDACTED&gclid=REDACTED&utm_id=700000000000016300&utm_campaign=700000000000016300,https://example.com/wholesale/?utm_source=google&utm_medium=cpc&utm_term=brand&utm_content=cpc-generic&fbclid=REDACTED&gclid=REDACTED&utm_id=700000000000016300&utm_campaign=700000000000016300,google,organic,Mexico,Dove,"Above $5,000 - $20,000",Mexico,Mexico,Retail Chain,Youtube,Kim LLC 119,Luis Kim,luis.kim.119@example.com,233,5553200000,WhatsApp,,,1,3,2
900120,2/6/2026 9:31,https://example.com/wholesale/?utm_source=FB&utm_medium=Lead&utm_term=lookalike-reweb&utm_content=terms&fbclid=REDACTED&gclid=REDACTED&utm_id=700000000000016400&utm_campaign=700000000000016400,https://example.com/wholesale/?utm_source=FB&utm_medium=Lead&utm_term=lookalike-reweb&utm_content=terms&fbclid=REDACTED&gclid=REDACTED&utm_id=700000000000016400&utm_campaign=700000000000016400,facebook,cpm,United States,Bioderma,"Above $20,000 - $50,000",Nigeria,Mexico,Pharmacy,Facebook,Novak Group 120,Alex Novak,alex.novak.120@example.com,33,5553670000,Phone Call,https://example.com/alex.novak.120,,2,2,6
900121,3/16/2026 21:33,https://example.com/wholesale/?utm_source=FB&utm_medium=Lead&utm_term=lookalike-reweb&utm_content=terms&fbclid=REDACTED&gclid=REDACTED&utm_id=700000000000016600&utm_campaign=700000000000016600,https://example.com/wholesale/?utm_source=FB&utm_medium=Lead&utm_term=lookalike-reweb&utm_content=terms&fbclid=REDACTED&gclid=REDACTED&utm_id=700000000000016600&utm_campaign=700000000000016600,facebook,cpm,Canada,"Advanced Clinicals, Vaseline,  Shea Moisture, Bentonite","Below $5,000",Canada,Canada,Online Retailer,Facebook,Nguyen Co 121,Chen Nguyen,chen.nguyen.121@example.com,49,5551240000,Email,,,4,3,16
900122,1/21/2026 10:24,https://example.com/wholesale/?utm_source=google&utm_medium=cpc&utm_term=brand&utm_content=cpc-generic&fbclid=REDACTED&gclid=REDACTED&utm_id=700000000000016800&utm_campaign=700000000000016800,https://example.com/wholesale/?utm_source=google&utm_medium=cpc&utm_term=brand&utm_content=cpc-generic&fbclid=REDACTED&gclid=REDACTED&utm_id=700000000000016800&utm_campaign=700000000000016800,google,organic,Australia,"CeraVe, Dr Teal’s","Below $5,000",Australia,Australia,Online Retailer,Google,Haddad Co 122,Chen Haddad,chen.haddad.122@example.com,1,5557760000,WeChat,,,5,1,21
900123,11/21/2026 23:23,https://example.com/wholesale/?utm_source=FB&utm_medium=Lead&utm_term=lookalike-reweb&utm_content=terms&fbclid=REDACTED&gclid=REDACTED&utm_id=700000000000016900&utm_campaign=700000000000016900,,,,Australia,Fenty Beauty,"Above $5,000 - $20,000",Bangladesh,Nigeria,Retail Chain,Facebook,Rivera LLC 123,Sofia Rivera,sofia.rivera.123@example.com,84,5554860000,WhatsApp,,,1,11,21
900124,6/9/2026 23:59,https://example.com/wholesale/?utm_source=FB&utm_medium=Lead&utm_term=lookalike-reweb&utm_content=terms&fbclid=REDACTED&gclid=REDACTED&utm_id=700000000000017000&utm_campaign=700000000000017000,,,,Egypt,"Garnier, Bioderma","Below $5,000",Egypt,Egypt,Online Retailer,Tiktok,Rossi Trading 124,Nina Rossi,nina.rossi.124@example.com,55,5556440000,Email,,,2,6,9
900125,6/5/2026 10:54,https://example.com/wholesale/?utm_source=google&utm_medium=cpc&utm_term=brand&utm_content=cpc-generic&fbclid=REDACTED&gclid=REDACTED&utm_id=700000000000017200&utm_campaign=700000000000017200,https://example.com/wholesale/?utm_source=google&utm_medium=cpc&utm_term=brand&utm_content=cpc-generic&fbclid=REDACTED&gclid=REDACTED&utm_id=700000000000017200&utm_campaign=700000000000017200,google,organic,Australia,"NIVEA, Aveeno","Above $5,000 - $20,000",Australia,Australia,Retail Chain,Ebay,Haddad Partners 125,James Haddad,james.haddad.125@example.com,33,5552750000,WhatsApp,,,5,6,5
900126,12/3/2026 21:40,https://example.com/wholesale/,https://example.com/wholesale/?utm_source=google&utm_medium=cpc&utm_term=brand&utm_content=cpc-generic&fbclid=REDACTED&gclid=REDACTED&utm_id=700000000000017300&utm_campaign=700000000000017300,google,organic,France,"Eucerin,  Shea Moisture, Bioderma, Cetaphil, Carmex, Fenty Beauty, EOS","Below $5,000",France,France,Retail Chain,Youtube,Novak Partners 126,Aisha Novak,aisha.novak.126@example.com,233,5554300000,WhatsApp,,,2,12,3
900127,9/19/2026 20:10,https://example.com/wholesale/?utm_source=FB&utm_medium=Lead&utm_term=lookalike-reweb&utm_content=terms&fbclid=REDACTED&gclid=REDACTED&utm_id=700000000000017400&utm_campaign=700000000000017400,https://example.com/wholesale/?utm_source=FB&utm_medium=Lead&utm_term=lookalike-reweb&utm_content=terms&fbclid=REDACTED&gclid=REDACTED&utm_id=700000000000017400&utm_campaign=700000000000017400,facebook,cpm,Kenya,The Ordinary,"Below $5,000",Singapore,Kenya,Online Retailer,Facebook,Okafor Co 127,Luis Okafor,luis.okafor.127@example.com,52,5558920000,Phone Call,,,3,9,19
900128,1/25/2026 9:39,https://example.com/wholesale/?utm_source=FB&utm_medium=Lead&utm_term=lookalike-reweb&utm_content=terms&fbclid=REDACTED&gclid=REDACTED&utm_id=700000000000017500&utm_campaign=700000000000017500,https://example.com/wholesale/?utm_source=FB&utm_medium=Lead&utm_term=lookalike-reweb&utm_content=terms&fbclid=REDACTED&gclid=REDACTED&utm_id=700000000000017500&utm_campaign=700000000000017500,facebook,cpm,Thailand,Advanced Clinicals,"Above $100,000",Nigeria,Nigeria,Wholesaler,Facebook,Patel Partners 128,Luis Patel,luis.patel.128@example.com,61,5554920000,WhatsApp,,,1,1,25
900129,8/10/2026 19:19,https://example.com/wholesale/,https://example.com/wholesale/?utm_source=google&utm_medium=cpc&utm_term=brand&utm_content=cpc-generic&fbclid=REDACTED&gclid=REDACTED&utm_id=700000000000017700&utm_campaign=700000000000017700,google,organic,United Kingdom,"Garnier, Maybelline, Carmex, Advanced Clinicals, Dove, Cetaphil","Below $5,000",United Kingdom,United Kingdom,Supermarket,Google,Rossi Distribution 129,Daniel Rossi,daniel.rossi.129@example.com,49,5551210000,WhatsApp,,,1,8,10
900130,7/25/2026 19:18,https://example.com/wholesale/?utm_source=FB&utm_medium=Lead&utm_term=lookalike-reweb&utm_content=terms&fbclid=REDACTED&gclid=REDACTED&utm_id=700000000000017800&utm_campaign=700000000000017800,https://example.com/wholesale/?utm_source=FB&utm_medium=Lead&utm_term=lookalike-reweb&utm_content=terms&fbclid=REDACTED&gclid=REDACTED&utm_id=700000000000017800&utm_campaign=700000000000017800,facebook,cpm,Germany,"Dark and Lovely, Aquaphor","Below $5,000",Germany,Germany,Pharmacy,Facebook,Patel Partners 130,Luis Patel,not-an-email,254,5558590000,WeChat,,,4,7,25
900131,8/1/2026 15:07,https://example.com/wholesale/?utm_source=google&utm_medium=cpc&utm_term=brand&utm_content=cpc-generic&fbclid=REDACTED&gclid=REDACTED&utm_id=700000000000017900&utm_campaign=700000000000017900,https://example.com/wholesale/?utm_source=google&utm_medium=cpc&utm_term=brand&utm_content=cpc-generic&fbclid=REDACTED&gclid=REDACTED&utm_id=700000000000017900&utm_campaign=700000000000017900,google,organic,Egypt,L’Oréal Paris,"Above $20,000 - $50,000",Nigeria,Turkey,Pharmacy,Exhibition,Rivera LLC 131,Luis Rivera,luis.rivera.131@example.com,254,5557470000,Phone Call,https://example.com/luis.rivera.131,,5,8,1
900132,10/9/2026 16:21,https://example.com/wholesale/?utm_source=google&utm_medium=cpc&utm_term=brand&utm_content=cpc-generic&fbclid=REDACTED&gclid=REDACTED&utm_id=700000000000018000&utm_campaign=700000000000018000,https://example.com/wholesale/?utm_source=google&utm_medium=cpc&utm_term=brand&utm_content=cpc-generic&fbclid=REDACTED&gclid=REDACTED&utm_id=700000000000018000&utm_campaign=700000000000018000,google,organic,Italy,"Dr Teal’s, Eucerin","Above $50,000 - $100,000",Colombia,Ghana,Beauty Salon,Exhibition,Rivera Partners 132,Sofia Rivera,sofia.rivera.132@example.com,27,5558740000,WeChat,,,4,10,9
900133,10/28/2026 1:20,https://example.com/wholesale/,https://example.com/wholesale/?utm_source=FB&utm_medium=Lead&utm_term=lookalike-reweb&utm_content=terms&fbclid=REDACTED&gclid=REDACTED&utm_id=700000000000018200&utm_campaign=700000000000018200,facebook,cpm,Kenya,"Bioderma, Dark and Lovely, La Roche-Posay","Above $5,000 - $20,000",Vietnam,Malaysia,Wholesaler,Instagram,Patel LLC 133,Nina Patel,nina.patel.133@example.com,44,5551660000,Telegram,,,2,10,28
900134,8/22/2026 12:22,https://example.com/wholesale/?utm_source=google&utm_medium=cpc&utm_term=brand&utm_content=cpc-generic&fbclid=REDACTED&gclid=REDACTED&utm_id=700000000000018300&utm_campaign=700000000000018300,https://example.com/wholesale/?utm_source=google&utm_medium=cpc&utm_term=brand&utm_content=cpc-generic&fbclid=REDACTED&gclid=REDACTED&utm_id=700000000000018300&utm_campaign=700000000000018300,google,organic,Vietnam," Shea Moisture, Eucerin, Maybelline, Dark and Lovely, The Ordinary","Above $5,000 - $20,000",Malaysia,Saudi Arabia,Others,Google,Costa Store 134,Nina Costa,nina.costa.134@example.com,44,5551250000,Telegram,,,5,8,22
900135,2/22/2026 19:17,https://example.com/wholesale/?utm_source=google&utm_medium=cpc&utm_term=brand&utm_content=cpc-generic&fbclid=REDACTED&gclid=REDACTED&utm_id=700000000000018400&utm_campaign=700000000000018400,https://example.com/wholesale/?utm_source=google&utm_medium=cpc&utm_term=brand&utm_content=cpc-generic&fbclid=REDACTED&gclid=REDACTED&utm_id=700000000000018400&utm_campaign=700000000000018400,google,organic,Mexico,"The Ordinary, Aveeno, Fenty Beauty","Below $5,000",Mexico,Mexico,Pharmacy,Google,Rossi Trading 135,Luis Rossi,luis.rossi.135@example.com,61,5556810000,WeChat,,,3,2,22
900136,9/1/2026 8:02,https://example.com/wholesale/?utm_source=google&utm_medium=cpc&utm_term=brand&utm_content=cpc-generic&fbclid=REDACTED&gclid=REDACTED&utm_id=700000000000018700&utm_campaign=700000000000018700,https://example.com/wholesale/?utm_source=google&utm_medium=cpc&utm_term=brand&utm_content=cpc-generic&fbclid=REDACTED&gclid=REDACTED&utm_id=700000000000018700&utm_campaign=700000000000018700,google,organic,Peru,"Carmex, EOS","Above $50,000 - $100,000",Peru,Peru,Pharmacy,Other,Costa LLC 136,Nina Costa,nina.costa.136@example.com,966,5555070000,Phone Call,,,2,9,1
900137,11/21/2026 21:50,https://example.com/wholesale/?utm_source=google&utm_medium=cpc&utm_term=brand&utm_content=cpc-generic&fbclid=REDACTED&gclid=REDACTED&utm_id=700000000000018800&utm_campaign=700000000000018800,https://example.com/wholesale/?utm_source=google&utm_medium=cpc&utm_term=brand&utm_content=cpc-generic&fbclid=REDACTED&gclid=REDACTED&utm_id=700000000000018800&utm_campaign=700000000000018800,google,organic,Turkey,"Bath and Body Works, Fenty Beauty","Above $5,000 - $20,000",Turkey,Turkey,Pharmacy,Google,Novak Group 137,Fatima Novak,fatima.novak.137@example.com,971,5551570000,Telegram,https://example.com/fatima.novak.137,,4,11,21
900138,8/24/2026 9:26,https://example.com/wholesale/?utm_source=FB&utm_medium=Lead&utm_term=lookalike-reweb&utm_content=terms&fbclid=REDACTED&gclid=REDACTED&utm_id=700000000000019000&utm_campaign=700000000000019000,https://example.com/wholesale/?utm_source=FB&utm_medium=Lead&utm_term=lookalike-reweb&utm_content=terms&fbclid=REDACTED&gclid=REDACTED&utm_id=700000000000019000&utm_campaign=700000000000019000,facebook,cpm,Egypt,"Carmex, Bioderma, Dove, Aquaphor, Fenty Beauty, Eucerin","Above $50,000 - $100,000",Egypt,Egypt,Wholesaler,Facebook,Costa Group 138,Luis Costa,luis.costa.138@example.com,966,5552220000,Telegram,,,4,8,24
900139,1/19/2026 10:16,https://example.com/wholesale/?utm_source=google&utm_medium=cpc&utm_term=brand&utm_content=cpc-generic&fbclid=REDACTED&gclid=REDACTED&utm_id=700000000000019100&utm_campaign=700000000000019100,https://example.com/wholesale/?utm_source=google&utm_medium=cpc&utm_term=brand&utm_content=cpc-generic&fbclid=REDACTED&gclid=REDACTED&utm_id=700000000000019100&utm_campaign=700000000000019100,google,organic,Sweden,"Eucerin, Fenty Beauty, The Ordinary","Above $5,000 - $20,000",Sweden,Sweden,Retail Chain,Other,Okafor Partners 139,Aisha Okafor,aisha.okafor.139@example.com,1,5553450000,Telegram,,,5,1,19
900140,1/14/2026 13:45,https://example.com/wholesale/?utm_source=google&utm_medium=cpc&utm_term=brand&utm_content=cpc-generic&fbclid=REDACTED&gclid=REDACTED&utm_id=700000000000019200&utm_campaign=700000000000019200,https://example.com/wholesale/?utm_source=google&utm_medium=cpc&utm_term=brand&utm_content=cpc-generic&fbclid=REDACTED&gclid=REDACTED&utm_id=700000000000019200&utm_campaign=700000000000019200,google,organic,Turkey,"CeraVe, L’Oréal Paris, Dove","Above $5,000 - $20,000",Turkey,Turkey,Wholesaler,LinkedIn,Costa Co 140,James Costa,james.costa.140@example.invalid,971,5559410000,Email,https://example.com/james.costa.140,,3,1,14
900141,1/4/2026 8:57,https://example.com/wholesale/?utm_source=google&utm_medium=cpc&utm_term=brand&utm_content=cpc-generic&fbclid=REDACTED&gclid=REDACTED&utm_id=700000000000019300&utm_campaign=700000000000019300,https://example.com/wholesale/?utm_source=google&utm_medium=cpc&utm_term=brand&utm_content=cpc-generic&fbclid=REDACTED&gclid=REDACTED&utm_id=700000000000019300&utm_campaign=700000000000019300,google,organic,Philippines,The Ordinary,"Below $5,000",Philippines,Philippines,Supermarket,Friend,Silva Supply 141,Priya Silva,priya.silva.141@example.com,966,5551580000,Email,,,3,1,4
900142,8/26/2026 13:02,https://example.com/wholesale/?utm_source=google&utm_medium=cpc&utm_term=brand&utm_content=cpc-generic&fbclid=REDACTED&gclid=REDACTED&utm_id=700000000000019500&utm_campaign=700000000000019500,,,,Malaysia,"Dove, EOS","Below $5,000",Malaysia,Malaysia,Wholesaler,Google,Kim LLC 142,Aisha Kim,aisha.kim.142@example.com,1,5552860000,Email,,,1,8,26
900143,1/28/2026 15:43,https://example.com/wholesale/?utm_source=google&utm_medium=cpc&utm_term=brand&utm_content=cpc-generic&fbclid=REDACTED&gclid=REDACTED&utm_id=700000000000019600&utm_campaign=700000000000019600,https://example.com/wholesale/?utm_source=google&utm_medium=cpc&utm_term=brand&utm_content=cpc-generic&fbclid=REDACTED&gclid=REDACTED&utm_id=700000000000019600&utm_campaign=700000000000019600,google,organic,Singapore,"Carmex, NIVEA, Maybelline, Advanced Clinicals,  Shea Moisture, La Roche-Posay, L’Oréal Paris","Below $5,000",Singapore,Singapore,Retail Chain,Website,Novak Supply 143,Daniel Novak,daniel.novak.143@example.com,90,5559100000,Telegram,,,3,1,28
900144,3/1/2026 20:01,https://example.com/wholesale/?utm_source=FB&utm_medium=Lead&utm_term=lookalike-reweb&utm_content=terms&fbclid=REDACTED&gclid=REDACTED&utm_id=700000000000019700&utm_campaign=700000000000019700,https://example.com/wholesale/?utm_source=FB&utm_medium=Lead&utm_term=lookalike-reweb&utm_content=terms&fbclid=REDACTED&gclid=REDACTED&utm_id=700000000000019700&utm_campaign=700000000000019700,facebook,cpm,UAE,"Vaseline, Dark and Lovely, Cetaphil, Fenty Beauty","Below $5,000",Mexico,Vietnam,Retail Chain,Tiktok,Novak Distribution 144,Alex Novak,alex.novak.144@example.com,971,5551120000,Email,https://example.com/alex.novak.144,,3,3,1
900145,2/24/2026 15:52,https://example.com/wholesale/,https://example.com/wholesale/?utm_source=google&utm_medium=cpc&utm_term=brand&utm_content=cpc-generic&fbclid=REDACTED&gclid=REDACTED&utm_id=700000000000019800&utm_campaign=700000000000019800,google,organic,Thailand, Shea Moisture,"Below $5,000",Thailand,Thailand,Wholesaler,Google,Rossi LLC 144,Priya Rossi,priya.rossi.145@example.com,33,5553510000,Email,,,1,2,24
900146,11/6/2026 12:50,https://example.com/wholesale/?utm_source=FB&utm_medium=Lead&utm_term=lookalike-reweb&utm_content=terms&fbclid=REDACTED&gclid=REDACTED&utm_id=700000000000020000&utm_campaign=700000000000020000,https://example.com/wholesale/?utm_source=FB&utm_medium=Lead&utm_term=lookalike-reweb&utm_content=terms&fbclid=REDACTED&gclid=REDACTED&utm_id=700000000000020000&utm_campaign=700000000000020000,facebook,cpm,Spain,"L’Oréal Paris, Aquaphor,  Shea Moisture, Garnier, Cetaphil","Below $5,000",Mexico,Mexico,Duty Free,Facebook,Novak Co 146,Nina Novak,nina.novak.146@example.com,84,5552920000,WeChat,,,5,11,6
900147,11/20/2026 21:47,https://example.com/wholesale/?utm_source=FB&utm_medium=Lead&utm_term=lookalike-reweb&utm_content=terms&fbclid=REDACTED&gclid=REDACTED&utm_id=700000000000020100&utm_campaign=700000000000020100,https://example.com/wholesale/?utm_source=FB&utm_medium=Lead&utm_term=lookalike-reweb&utm_content=terms&fbclid=REDACTED&gclid=REDACTED&utm_id=700000000000020100&utm_campaign=700000000000020100,facebook,cpm,Germany,The Ordinary,"Above $5,000 - $20,000",Germany,Germany,Online Retailer,Instagram,Okafor Distribution 147,Aisha Okafor,aisha.okafor.147@example.com,33,5552460000,Phone Call,,,1,11,20
900148,8/12/2026 21:31,https://example.com/wholesale/,https://example.com/wholesale/?utm_source=FB&utm_medium=Lead&utm_term=lookalike-reweb&utm_content=terms&fbclid=REDACTED&gclid=REDACTED&utm_id=700000000000020200&utm_campaign=700000000000020200,facebook,cpm,Philippines,"Dark and Lovely, Maybelline","Above $20,000 - $50,000",Philippines,Philippines,Distributor,Tiktok,Okafor Distribution 148,Omar Okafor,omar.okafor.148@example.com,1,5552730000,Email,,,4,8,12
900149,10/14/2026 4:08,https://example.com/wholesale/?utm_source=google&utm_medium=cpc&utm_term=brand&utm_content=cpc-generic&fbclid=REDACTED&gclid=REDACTED&utm_id=700000000000020400&utm_campaign=700000000000020400,https://example.com/wholesale/?utm_source=google&utm_medium=cpc&utm_term=brand&utm_content=cpc-generic&fbclid=REDACTED&gclid=REDACTED&utm_id=700000000000020400&utm_campaign=700000000000020400,google,organic,Singapore,"Aquaphor, Dark and Lovely","Above $5,000 - $20,000",Singapore,Ghana,Wholesaler,LinkedIn,Rossi Partners 149,Maria Rossi,maria.rossi.149@example.com,1,5555900000,Phone Call,,,3,10,14
900150,7/6/2026 2:40,https://example.com/wholesale/?utm_source=google&utm_medium=cpc&utm_term=brand&utm_content=cpc-generic&fbclid=REDACTED&gclid=REDACTED&utm_id=700000000000020600&utm_campaign=700000000000020600,https://example.com/wholesale/?utm_source=google&utm_medium=cpc&utm_term=brand&utm_content=cpc-generic&fbclid=REDACTED&gclid=REDACTED&utm_id=700000000000020600&utm_campaign=700000000000020600,google,organic,South Africa,"Dove, CeraVe","Above $50,000 - $100,000",South Africa,South Africa,Wholesaler,LinkedIn,Costa Co 150,Aisha Costa,aisha.costa.150@example.com,55,5552580000,Telegram,,,1,7,6
900151,7/5/2026 10:14,https://example.com/wholesale/?utm_source=FB&utm_medium=Lead&utm_term=lookalike-reweb&utm_content=terms&fbclid=REDACTED&gclid=REDACTED&utm_id=700000000000020700&utm_campaign=700000000000020700,https://example.com/wholesale/?utm_source=FB&utm_medium=Lead&utm_term=lookalike-reweb&utm_content=terms&fbclid=REDACTED&gclid=REDACTED&utm_id=700000000000020700&utm_campaign=700000000000020700,facebook,cpm,South Africa,"Advanced Clinicals,  Shea Moisture, Aquaphor, La Roche-Posay, Kiehl’s","Above $50,000 - $100,000",South Africa,South Africa,Retail Chain,Instagram,Patel Group 151,Maria Patel,maria.patel.151@example.com,52,5553270000,WhatsApp,,,5,7,5
900152,1/26/2026 17:39,https://example.com/wholesale/?utm_source=FB&utm_medium=Lead&utm_term=lookalike-reweb&utm_content=terms&fbclid=REDACTED&gclid=REDACTED&utm_id=700000000000020900&utm_campaign=700000000000020900,,,,Turkey,Aquaphor,"Above $20,000 - $50,000",Germany,Botswana,Wholesaler,Facebook,Kim Distribution 152,Aisha Kim,aisha.kim.152@example.com,233,5555210000,Telegram,,,4,1,26
900153,8/24/2026 11:48,https://example.com/wholesale/?utm_source=google&utm_medium=cpc&utm_term=brand&utm_content=cpc-generic&fbclid=REDACTED&gclid=REDACTED&utm_id=700000000000021000&utm_campaign=700000000000021000,https://example.com/wholesale/?utm_source=google&utm_medium=cpc&utm_term=brand&utm_content=cpc-generic&fbclid=REDACTED&gclid=REDACTED&utm_id=700000000000021000&utm_campaign=700000000000021000,google,organic,South Africa,Dark and Lovely,"Above $50,000 - $100,000",Spain,India,Wholesaler,Ebay,Rivera Trading 153,James Rivera,james.rivera.153@example.com,44,5553640000,WeChat,,,3,8,24
900154,8/19/2026 6:54,https://example.com/wholesale/,,,,France," Shea Moisture, The Ordinary, Maybelline","Below $5,000",Netherlands,Philippines,Supermarket,Facebook,Rivera Store 154,Luis Rivera,luis.rivera.154@example.com,33,5551330000,WeChat,https://example.com/luis.rivera.154,,5,8,19
900155,3/22/2026 20:59,https://example.com/wholesale/?utm_source=google&utm_medium=cpc&utm_term=brand&utm_content=cpc-generic&fbclid=REDACTED&gclid=REDACTED&utm_id=700000000000021200&utm_campaign=700000000000021200,,,,Netherlands,Dark and Lovely,"Above $5,000 - $20,000",Pakistan,Netherlands,Wholesaler,LinkedIn,Rossi Co 155,Alex Rossi,alex.rossi.155@example.com,49,5559700000,Email,https://example.com/alex.rossi.155,,2,3,22
900156,11/4/2026 14:03,https://example.com/wholesale/?utm_source=FB&utm_medium=Lead&utm_term=lookalike-reweb&utm_content=terms&fbclid=REDACTED&gclid=REDACTED&utm_id=700000000000021400&utm_campaign=700000000000021400,https://example.com/wholesale/?utm_source=FB&utm_medium=Lead&utm_term=lookalike-reweb&utm_content=terms&fbclid=REDACTED&gclid=REDACTED&utm_id=700000000000021400&utm_campaign=700000000000021400,facebook,cpm,Saudi Arabia,"Bentonite, Maybelline,  Shea Moisture","Above $5,000 - $20,000",Germany,Canada,Retail Chain,Facebook,Rivera Supply 156,Chen Rivera,chen.rivera.156@example.invalid,254,5559160000,WhatsApp,,,4,11,4
900157,8/16/2026 20:59,https://example.com/wholesale/?utm_source=google&utm_medium=cpc&utm_term=brand&utm_content=cpc-generic&fbclid=REDACTED&gclid=REDACTED&utm_id=700000000000021500&utm_campaign=700000000000021500,https://example.com/wholesale/?utm_source=google&utm_medium=cpc&utm_term=brand&utm_content=cpc-generic&fbclid=REDACTED&gclid=REDACTED&utm_id=700000000000021500&utm_campaign=700000000000021500,google,organic,Canada,"Dove, Bentonite","Below $5,000",United States,Malaysia,Distributor,Youtube,Costa Store 157,Sofia Costa,sofia.costa.157@example.com,33,5555700000,Email,,,4,8,16
900158,5/27/2026 1:01,https://example.com/wholesale/?utm_source=google&utm_medium=cpc&utm_term=brand&utm_content=cpc-generic&fbclid=REDACTED&gclid=REDACTED&utm_id=700000000000021600&utm_campaign=700000000000021600,https://example.com/wholesale/?utm_source=google&utm_medium=cpc&utm_term=brand&utm_content=cpc-generic&fbclid=REDACTED&gclid=REDACTED&utm_id=700000000000021600&utm_campaign=700000000000021600,google,organic,Brazil,Carmex,"Above $5,000 - $20,000",Brazil,Brazil,Online Retailer,Other,Costa Co 158,Omar Costa,omar.costa.158@example.com,33,5558890000,WhatsApp,,,2,5,27
900159,11/14/2026 14:03,https://example.com/wholesale/?utm_source=FB&utm_medium=Lead&utm_term=lookalike-reweb&utm_content=terms&fbclid=REDACTED&gclid=REDACTED&utm_id=700000000000021800&utm_campaign=700000000000021800,https://example.com/wholesale/?utm_source=FB&utm_medium=Lead&utm_term=lookalike-reweb&utm_content=terms&fbclid=REDACTED&gclid=REDACTED&utm_id=700000000000021800&utm_campaign=700000000000021800,facebook,cpm,Mexico,Dark and Lovely,"Above $5,000 - $20,000",Saudi Arabia,Nigeria,Beauty Salon,Facebook,Nguyen LLC 159,Alex Nguyen,alex.nguyen.159@example.com,33,5558770000,Email,,,5,11,14
900160,3/13/2026 1:08,https://example.com/wholesale/,https://example.com/wholesale/?utm_source=google&utm_medium=cpc&utm_term=brand&utm_content=cpc-generic&fbclid=REDACTED&gclid=REDACTED&utm_id=700000000000021900&utm_campaign=700000000000021900,google,organic,Turkey,"Kiehl’s, Dr Teal’s","Above $5,000 - $20,000",Turkey,Turkey,Wholesaler,Google,Silva Group 160,James Silva,james.silva.160@example.com,61,5559780000,WhatsApp,https://example.com/james.silva.160,,5,3,13
900161,1/14/2026 20:18,https://example.com/wholesale/?utm_source=FB&utm_medium=Lead&utm_term=lookalike-reweb&utm_content=terms&fbclid=REDACTED&gclid=REDACTED&utm_id=700000000000022000&utm_campaign=700000000000022000,,,,Australia,"CeraVe, Kiehl’s, Bath and Body Works, Carmex","Above $20,000 - $50,000",Mexico,Philippines,Online Retailer,Facebook,Silva LLC 161,Nina Silva,nina.silva.161@example.com,44,5559310000,Telegram,,,3,1,14
900162,10/9/2026 17:58,https://example.com/wholesale/?utm_source=FB&utm_medium=Lead&utm_term=lookalike-reweb&utm_content=terms&fbclid=REDACTED&gclid=REDACTED&utm_id=700000000000022100&utm_campaign=700000000000022100,https://example.com/wholesale/?utm_source=FB&utm_medium=Lead&utm_term=lookalike-reweb&utm_content=terms&fbclid=REDACTED&gclid=REDACTED&utm_id=700000000000022100&utm_campaign=700000000000022100,facebook,cpm,UAE,"La Roche-Posay, EOS, Aveeno, Fenty Beauty, Vaseline, Advanced Clinicals","Below $5,000",Ghana,Malaysia,Retail Chain,Facebook,Rossi LLC 162,Omar Rossi,omar.rossi.162@example.com,84,5559140000,Telegram,,,5,10,9
900163,9/10/2026 7:08,https://example.com/wholesale/?utm_source=google&utm_medium=cpc&utm_term=brand&utm_content=cpc-generic&fbclid=REDACTED&gclid=REDACTED&utm_id=700000000000022300&utm_campaign=700000000000022300,https://example.com/wholesale/?utm_source=google&utm_medium=cpc&utm_term=brand&utm_content=cpc-generic&fbclid=REDACTED&gclid=REDACTED&utm_id=700000000000022300&utm_campaign=700000000000022300,google,organic,Nigeria,Fenty Beauty,"Above $5,000 - $20,000",Nigeria,Nigeria,Retail Chain,Other,Costa Store 163,Sofia Costa,sofia.costa.163@example.com,1,5556640000,WhatsApp,,,4,9,10
900164,9/20/2026 16:46,https://example.com/wholesale/?utm_source=FB&utm_medium=Lead&utm_term=lookalike-reweb&utm_content=terms&fbclid=REDACTED&gclid=REDACTED&utm_id=700000000000022500&utm_campaign=700000000000022500,https://example.com/wholesale/?utm_source=FB&utm_medium=Lead&utm_term=lookalike-reweb&utm_content=terms&fbclid=REDACTED&gclid=REDACTED&utm_id=700000000000022500&utm_campaign=700000000000022500,facebook,cpm,France,"Bentonite, Kiehl’s, Dr Teal’s","Above $50,000 - $100,000",Singapore,Kenya,Wholesaler,Facebook,Novak Co 164,James Novak,james.novak.164@example.com,254,123,WhatsApp,,,4,9,20
900165,2/19/2026 14:44,https://example.com/wholesale/?utm_source=FB&utm_medium=Lead&utm_term=lookalike-reweb&utm_content=terms&fbclid=REDACTED&gclid=REDACTED&utm_id=700000000000022700&utm_campaign=700000000000022700,https://example.com/wholesale/?utm_source=FB&utm_medium=Lead&utm_term=lookalike-reweb&utm_content=terms&fbclid=REDACTED&gclid=REDACTED&utm_id=700000000000022700&utm_campaign=700000000000022700,facebook,cpm,India, Shea Moisture,"Below $5,000",India,India,Distributor,Instagram,Rivera Trading 165,Omar Rivera,omar.rivera.165@example.com,233,5557130000,Telegram,,,4,2,19
900166,12/23/2026 16:59,https://example.com/wholesale/?utm_source=FB&utm_medium=Lead&utm_term=lookalike-reweb&utm_content=terms&fbclid=REDACTED&gclid=REDACTED&utm_id=700000000000022800&utm_campaign=700000000000022800,https://example.com/wholesale/?utm_source=FB&utm_medium=Lead&utm_term=lookalike-reweb&utm_content=terms&fbclid=REDACTED&gclid=REDACTED&utm_id=700000000000022800&utm_campaign=700000000000022800,facebook,cpm,Nigeria,"The Ordinary, Dark and Lovely, Carmex, Garnier","Below $5,000",Nigeria,Nigeria,Retail Chain,Facebook,Silva Supply 166,Priya Silva,priya.silva.166@example.com,61,123,Phone Call,,,1,12,23
900167,1/11/2026 15:45,https://example.com/wholesale/?utm_source=google&utm_medium=cpc&utm_term=brand&utm_content=cpc-generic&fbclid=REDACTED&gclid=REDACTED&utm_id=700000000000022900&utm_campaign=700000000000022900,https://example.com/wholesale/?utm_source=google&utm_medium=cpc&utm_term=brand&utm_content=cpc-generic&fbclid=REDACTED&gclid=REDACTED&utm_id=700000000000022900&utm_campaign=700000000000022900,google,organic,Brazil,Vaseline,"Above $5,000 - $20,000",Brazil,Brazil,Retail Chain,Exhibition,Haddad Group 167,Fatima Haddad,fatima.haddad.167@example.com,966,123,Telegram,,,1,1,11
900168,1/3/2026 15:31,https://example.com/wholesale/?utm_source=google&utm_medium=cpc&utm_term=brand&utm_content=cpc-generic&fbclid=REDACTED&gclid=REDACTED&utm_id=700000000000023000&utm_campaign=700000000000023000,https://example.com/wholesale/?utm_source=google&utm_medium=cpc&utm_term=brand&utm_content=cpc-generic&fbclid=REDACTED&gclid=REDACTED&utm_id=700000000000023000&utm_campaign=700000000000023000,google,organic,Vietnam,"CeraVe, The Ordinary","Below $5,000",Poland,Turkey,Distributor,Google,Rossi Store 168,Maria Rossi,maria.rossi.168@example.com,971,5556440000,Email,https://example.com/maria.rossi.168,,2,1,3
900169,8/18/2026 18:36,https://example.com/wholesale/?utm_source=google&utm_medium=cpc&utm_term=brand&utm_content=cpc-generic&fbclid=REDACTED&gclid=REDACTED&utm_id=700000000000023200&utm_campaign=700000000000023200,,,,Thailand,"Carmex, Kiehl’s","Above $20,000 - $50,000",Thailand,Thailand,Others,Other,Rivera Store 169,Fatima Rivera,fatima.rivera.169@example.com,49,5552770000,Email,,,1,8,18
900170,5/11/2026 4:45,https://example.com/wholesale/?utm_source=google&utm_medium=cpc&utm_term=brand&utm_content=cpc-generic&fbclid=REDACTED&gclid=REDACTED&utm_id=700000000000023300&utm_campaign=700000000000023300,https://example.com/wholesale/?utm_source=google&utm_medium=cpc&utm_term=brand&utm_content=cpc-generic&fbclid=REDACTED&gclid=REDACTED&utm_id=700000000000023300&utm_campaign=700000000000023300,google,organic,Brazil,Dr Teal’s,"Below $5,000",Brazil,Brazil,Pharmacy,Other,Haddad Supply 170,Maria Haddad,maria.haddad.170@example.com,971,5558140000,WeChat,https://example.com/maria.haddad.170,,2,5,11
900171,6/5/2026 21:44,https://example.com/wholesale/?utm_source=FB&utm_medium=Lead&utm_term=lookalike-reweb&utm_content=terms&fbclid=REDACTED&gclid=REDACTED&utm_id=700000000000023400&utm_campaign=700000000000023400,,,,UAE,"Cetaphil, Eucerin","Above $5,000 - $20,000",Sweden,South Africa,Retail Chain,Facebook,Rivera Store 171,Maria Rivera,maria.rivera.171@example.com,966,123,Telegram,,,1,6,5
900172,4/3/2026 4:45,https://example.com/wholesale/?utm_source=FB&utm_medium=Lead&utm_term=lookalike-reweb&utm_content=terms&fbclid=REDACTED&gclid=REDACTED&utm_id=700000000000023600&utm_campaign=700000000000023600,https://example.com/wholesale/?utm_source=FB&utm_medium=Lead&utm_term=lookalike-reweb&utm_content=terms&fbclid=REDACTED&gclid=REDACTED&utm_id=700000000000023600&utm_campaign=700000000000023600,facebook,cpm,Peru,"Bioderma, Kiehl’s,  Shea Moisture, La Roche-Posay, Eucerin","Above $5,000 - $20,000",Spain,South Africa,Retail Chain,Facebook,Okafor LLC 172,Alex Okafor,alex.okafor.172@example.com,233,5555000000,Email,,,2,4,3
900173,8/26/2026 22:47,https://example.com/wholesale/,https://example.com/wholesale/?utm_source=FB&utm_medium=Lead&utm_term=lookalike-reweb&utm_content=terms&fbclid=REDACTED&gclid=REDACTED&utm_id=700000000000023700&utm_campaign=700000000000023700,facebook,cpm,India,"La Roche-Posay, Aveeno, Cetaphil","Below $5,000",India,India,Online Retailer,Facebook,Nguyen Store 173,Alex Nguyen,alex.nguyen.173@example.com,44,5558020000,WeChat,,,4,8,26
900174,8/17/2026 7:46,https://example.com/wholesale/?utm_source=FB&utm_medium=Lead&utm_term=lookalike-reweb&utm_content=terms&fbclid=REDACTED&gclid=REDACTED&utm_id=700000000000023800&utm_campaign=700000000000023800,https://example.com/wholesale/?utm_source=FB&utm_medium=Lead&utm_term=lookalike-reweb&utm_content=terms&fbclid=REDACTED&gclid=REDACTED&utm_id=700000000000023800&utm_campaign=700000000000023800,facebook,cpm,United Kingdom,"Cetaphil, NIVEA,  Shea Moisture, Bioderma, Aquaphor","Above $5,000 - $20,000",United Kingdom,United Kingdom,Online Retailer,Facebook,Rivera Store 173,Priya Rivera,priya.rivera.174@example.com,254,5555890000,Email,,,5,8,17
900175,11/11/2026 20:26,https://example.com/wholesale/?utm_source=FB&utm_medium=Lead&utm_term=lookalike-reweb&utm_content=terms&fbclid=REDACTED&gclid=REDACTED&utm_id=700000000000023900&utm_campaign=700000000000023900,https://example.com/wholesale/?utm_source=FB&utm_medium=Lead&utm_term=lookalike-reweb&utm_content=terms&fbclid=REDACTED&gclid=REDACTED&utm_id=700000000000023900&utm_campaign=700000000000023900,facebook,cpm,United Kingdom,"Bentonite, NIVEA, Eucerin, Dark and Lovely, EOS, The Ordinary","Below $5,000",United Kingdom,United Kingdom,Online Retailer,Tiktok,Haddad Distribution 175,Maria Haddad,maria.haddad.175@example.com,90,5559130000,WeChat,,,1,11,11
900176,1/15/2026 1:31,https://example.com/wholesale/?utm_source=google&utm_medium=cpc&utm_term=brand&utm_content=cpc-generic&fbclid=REDACTED&gclid=REDACTED&utm_id=700000000000024000&utm_campaign=700000000000024000,https://example.com/wholesale/?utm_source=google&utm_medium=cpc&utm_term=brand&utm_content=cpc-generic&fbclid=REDACTED&gclid=REDACTED&utm_id=700000000000024000&utm_campaign=700000000000024000,google,organic,France,"Dove, Garnier, Fenty Beauty","Above $5,000 - $20,000",France,France,Beauty Salon,Ebay,Rossi Distribution 176,Chen Rossi,chen.rossi.176@example.com,971,5554680000,WhatsApp,,,4,1,15
900177,7/13/2026 9:33,https://example.com/wholesale/?utm_source=FB&utm_medium=Lead&utm_term=lookalike-reweb&utm_content=terms&fbclid=REDACTED&gclid=REDACTED&utm_id=700000000000024200&utm_campaign=700000000000024200,https://example.com/wholesale/?utm_source=FB&utm_medium=Lead&utm_term=lookalike-reweb&utm_content=terms&fbclid=REDACTED&gclid=REDACTED&utm_id=700000000000024200&utm_campaign=700000000000024200,facebook,cpm,Saudi Arabia,"Garnier,  Shea Moisture","Below $5,000",Thailand,Peru,Wholesaler,Facebook,Novak Co 177,Alex Novak,alex.novak.177@example.com,52,5554080000,Telegram,,,2,7,13
900178,7/23/2026 15:55,https://example.com/wholesale/?utm_source=FB&utm_medium=Lead&utm_term=lookalike-reweb&utm_content=terms&fbclid=REDACTED&gclid=REDACTED&utm_id=700000000000024400&utm_campaign=700000000000024400,https://example.com/wholesale/?utm_source=FB&utm_medium=Lead&utm_term=lookalike-reweb&utm_content=terms&fbclid=REDACTED&gclid=REDACTED&utm_id=700000000000024400&utm_campaign=700000000000024400,facebook,cpm,Mexico,"Vaseline,  Shea Moisture, Kiehl’s, Bentonite","Above $50,000 - $100,000",Mexico,Mexico,Wholesaler,Facebook,Haddad Store 178,Sofia Haddad,sofia.haddad.178@example.com,27,5552220000,WhatsApp,https://example.com/sofia.haddad.178,,1,7,23
900179,5/17/2026 12:30,https://example.com/wholesale/?utm_source=google&utm_medium=cpc&utm_term=brand&utm_content=cpc-generic&fbclid=REDACTED&gclid=REDACTED&utm_id=700000000000024600&utm_campaign=700000000000024600,https://example.com/wholesale/?utm_source=google&utm_medium=cpc&utm_term=brand&utm_content=cpc-generic&fbclid=REDACTED&gclid=REDACTED&utm_id=700000000000024600&utm_campaign=700000000000024600,google,organic,Colombia,Advanced Clinicals,"Below $5,000",Colombia,Colombia,Beauty Salon,Website,Haddad Store 179,Nina Haddad,nina.haddad.179@example.com,234,5559740000,Phone Call,,,1,5,17
900180,11/1/2026 5:12,https://example.com/wholesale/?utm_source=google&utm_medium=cpc&utm_term=brand&utm_content=cpc-generic&fbclid=REDACTED&gclid=REDACTED&utm_id=700000000000024700&utm_campaign=700000000000024700,https://example.com/wholesale/?utm_source=google&utm_medium=cpc&utm_term=brand&utm_content=cpc-generic&fbclid=REDACTED&gclid=REDACTED&utm_id=700000000000024700&utm_campaign=700000000000024700,google,organic,India,Aquaphor,"Above $5,000 - $20,000",India,India,Retail Chain,Youtube,Nguyen Group 180,Omar Nguyen,omar.nguyen.180@example.com,55,5555660000,Phone Call,,,4,11,1
900181,5/9/2026 16:40,https://example.com/wholesale/,https://example.com/wholesale/?utm_source=google&utm_medium=cpc&utm_term=brand&utm_content=cpc-generic&fbclid=REDACTED&gclid=REDACTED&utm_id=700000000000024800&utm_campaign=700000000000024800,google,organic,Chile,EOS,"Above $5,000 - $20,000",Turkey,Chile,Beauty Salon,Ebay,Rivera LLC 181,Chen Rivera,chen.rivera.181@example.com,55,5555290000,WeChat,,,5,5,9
900182,12/1/2026 14:09,https://example.com/wholesale/?utm_source=google&utm_medium=cpc&utm_term=brand&utm_content=cpc-generic&fbclid=REDACTED&gclid=REDACTED&utm_id=700000000000025000&utm_campaign=700000000000025000,https://example.com/wholesale/?utm_source=google&utm_medium=cpc&utm_term=brand&utm_content=cpc-generic&fbclid=REDACTED&gclid=REDACTED&utm_id=700000000000025000&utm_campaign=700000000000025000,google,organic,Ghana,"Bath and Body Works, Carmex","Below $5,000",Ghana,Brazil,Online Retailer,Google,Nguyen Supply 182,Alex Nguyen,alex.nguyen.182@example.com,61,5558490000,WhatsApp,,,1,12,1
900183,3/1/2026 1:36,https://example.com/wholesale/?utm_source=FB&utm_medium=Lead&utm_term=lookalike-reweb&utm_content=terms&fbclid=REDACTED&gclid=REDACTED&utm_id=700000000000025100&utm_campaign=700000000000025100,https://example.com/wholesale/?utm_source=FB&utm_medium=Lead&utm_term=lookalike-reweb&utm_content=terms&fbclid=REDACTED&gclid=REDACTED&utm_id=700000000000025100&utm_campaign=700000000000025100,facebook,cpm,Mexico,"Advanced Clinicals, Garnier, La Roche-Posay","Below $5,000",Mexico,Mexico,Retail Chain,Facebook,Costa Partners 183,Alex Costa,alex.costa.183@example.invalid,233,5554380000,Phone Call,,,3,3,1
900184,10/19/2026 20:25,https://example.com/wholesale/?utm_source=google&utm_medium=cpc&utm_term=brand&utm_content=cpc-generic&fbclid=REDACTED&gclid=REDACTED&utm_id=700000000000025200&utm_campaign=700000000000025200,https://example.com/wholesale/?utm_source=google&utm_medium=cpc&utm_term=brand&utm_content=cpc-generic&fbclid=REDACTED&gclid=REDACTED&utm_id=700000000000025200&utm_campaign=700000000000025200,google,organic,Sweden,Advanced Clinicals,"Above $5,000 - $20,000",Sweden,Chile,Supermarket,Other,Okafor Co 184,Maria Okafor,maria.okafor.184@example.com,52,5555310000,Email,,,1,10,19
900185,8/21/2026 11:53,https://example.com/wholesale/?utm_source=google&utm_medium=cpc&utm_term=brand&utm_content=cpc-generic&fbclid=REDACTED&gclid=REDACTED&utm_id=700000000000025300&utm_campaign=700000000000025300,https://example.com/wholesale/?utm_source=google&utm_medium=cpc&utm_term=brand&utm_content=cpc-generic&fbclid=REDACTED&gclid=REDACTED&utm_id=700000000000025300&utm_campaign=700000000000025300,google,organic,Nigeria,Advanced Clinicals,"Above $5,000 - $20,000",Nigeria,Nigeria,Online Retailer,Ebay,Haddad Group 185,Nina Haddad,nina.haddad.185@example.com,1,5551610000,Email,,,5,8,21
900186,5/8/2026 7:29,https://example.com/wholesale/?utm_source=FB&utm_medium=Lead&utm_term=lookalike-reweb&utm_content=terms&fbclid=REDACTED&gclid=REDACTED&utm_id=700000000000025500&utm_campaign=700000000000025500,https://example.com/wholesale/?utm_source=FB&utm_medium=Lead&utm_term=lookalike-reweb&utm_content=terms&fbclid=REDACTED&gclid=REDACTED&utm_id=700000000000025500&utm_campaign=700000000000025500,facebook,cpm,Sweden,"The Ordinary, Kiehl’s","Above $5,000 - $20,000",Brazil,Nigeria,Pharmacy,Facebook,Novak Distribution 186,Priya Novak,priya.novak.186@example.com,49,123,Email,,,3,5,8
900187,6/22/2026 17:07,https://example.com/wholesale/?utm_source=google&utm_medium=cpc&utm_term=brand&utm_content=cpc-generic&fbclid=REDACTED&gclid=REDACTED&utm_id=700000000000025600&utm_campaign=700000000000025600,,,,Italy,The Ordinary,"Below $5,000",Italy,Italy,Wholesaler,Google,Nguyen Distribution 187,Sofia Nguyen,sofia.nguyen.187@example.com,44,5555000000,Email,,,3,6,22
900188,9/21/2026 2:27,https://example.com/wholesale/?utm_source=google&utm_medium=cpc&utm_term=brand&utm_content=cpc-generic&fbclid=REDACTED&gclid=REDACTED&utm_id=700000000000025700&utm_campaign=700000000000025700,https://example.com/wholesale/?utm_source=google&utm_medium=cpc&utm_term=brand&utm_content=cpc-generic&fbclid=REDACTED&gclid=REDACTED&utm_id=700000000000025700&utm_campaign=700000000000025700,google,organic,Australia,"The Ordinary, Kiehl’s, Bioderma, L’Oréal Paris,  Shea Moisture","Above $5,000 - $20,000",Australia,Australia,Pharmacy,Google,Nguyen Group 188,Alex Nguyen,alex.nguyen.188@example.com,27,5558990000,Phone Call,,,2,9,21
900189,7/28/2026 18:52,https://example.com/wholesale/?utm_source=google&utm_medium=cpc&utm_term=brand&utm_content=cpc-generic&fbclid=REDACTED&gclid=REDACTED&utm_id=700000000000025900&utm_campaign=700000000000025900,https://example.com/wholesale/?utm_source=google&utm_medium=cpc&utm_term=brand&utm_content=cpc-generic&fbclid=REDACTED&gclid=REDACTED&utm_id=700000000000025900&utm_campaign=700000000000025900,google,organic,Nigeria,"CeraVe, Fenty Beauty, Bioderma, Garnier","Below $5,000",Nigeria,Nigeria,Wholesaler,Exhibition,Silva Group 189,Luis Silva,luis.silva.189@example.com,33,5558950000,WeChat,,,1,7,28
900190,11/16/2026 5:20,https://example.com/wholesale/?utm_source=google&utm_medium=cpc&utm_term=brand&utm_content=cpc-generic&fbclid=REDACTED&gclid=REDACTED&utm_id=700000000000026000&utm_campaign=700000000000026000,https://example.com/wholesale/?utm_source=google&utm_medium=cpc&utm_term=brand&utm_content=cpc-generic&fbclid=REDACTED&gclid=REDACTED&utm_id=700000000000026000&utm_campaign=700000000000026000,google,organic,Kenya,"Maybelline, Advanced Clinicals","Below $5,000",Saudi Arabia,Chile,Pharmacy,Google,Rivera Trading 190,Priya Rivera,priya.rivera.190@example.com,44,5554550000,Email,,,3,11,16
900191,9/3/2026 12:28,https://example.com/wholesale/,https://example.com/wholesale/?utm_source=google&utm_medium=cpc&utm_term=brand&utm_content=cpc-generic&fbclid=REDACTED&gclid=REDACTED&utm_id=700000000000026100&utm_campaign=700000000000026100,google,organic,Italy,Bentonite,"Above $5,000 - $20,000",Vietnam,Malaysia,Duty Free,Ebay,Haddad Trading 191,James Haddad,james.haddad.191@example.com,44,5552300000,Email,,,1,9,3
900192,1/1/2026 9:20,https://example.com/wholesale/,https://example.com/wholesale/?utm_source=google&utm_medium=cpc&utm_term=brand&utm_content=cpc-generic&fbclid=REDACTED&gclid=REDACTED&utm_id=700000000000026400&utm_campaign=700000000000026400,google,organic,Pakistan,Aquaphor,"Below $5,000",Germany,Thailand,Wholesaler,Google,Okafor Trading 192,Priya Okafor,priya.okafor.192@example.com,55,5551680000,WhatsApp,,,2,1,1
900193,7/5/2026 16:15,https://example.com/wholesale/,https://example.com/wholesale/?utm_source=FB&utm_medium=Lead&utm_term=lookalike-reweb&utm_content=terms&fbclid=REDACTED&gclid=REDACTED&utm_id=700000000000026500&utm_campaign=700000000000026500,facebook,cpm,Philippines,"EOS, Maybelline, Dr Teal’s","Above $5,000 - $20,000",Philippines,Pakistan,Wholesaler,Instagram,Costa Co 193,Chen Costa,chen.costa.193@example.com,971,5555390000,Telegram,,,3,7,5
900194,10/17/2026 5:07,https://example.com/wholesale/?utm_source=google&utm_medium=cpc&utm_term=brand&utm_content=cpc-generic&fbclid=REDACTED&gclid=REDACTED&utm_id=700000000000026600&utm_campaign=700000000000026600,https://example.com/wholesale/?utm_source=google&utm_medium=cpc&utm_term=brand&utm_content=cpc-generic&fbclid=REDACTED&gclid=REDACTED&utm_id=700000000000026600&utm_campaign=700000000000026600,google,organic,Peru,"Eucerin, Garnier, La Roche-Posay, EOS","Above $100,000",Peru,Peru,Pharmacy,Exhibition,Novak Group 194,Sofia Novak,sofia.novak.194@example.com,971,5554290000,Email,,,5,10,17
900195,4/16/2026 10:57,https://example.com/wholesale/?utm_source=google&utm_medium=cpc&utm_term=brand&utm_content=cpc-generic&fbclid=REDACTED&gclid=REDACTED&utm_id=700000000000026800&utm_campaign=700000000000026800,https://example.com/wholesale/?utm_source=google&utm_medium=cpc&utm_term=brand&utm_content=cpc-generic&fbclid=REDACTED&gclid=REDACTED&utm_id=700000000000026800&utm_campaign=700000000000026800,google,organic,Mexico,"Cetaphil, Kiehl’s","Above $50,000 - $100,000",Mexico,Mexico,Wholesaler,Ebay,Costa Store 195,Priya Costa,priya.costa.195@example.com,44,5553570000,Telegram,,,4,4,16
900196,10/21/2026 2:04,https://example.com/wholesale/?utm_source=google&utm_medium=cpc&utm_term=brand&utm_content=cpc-generic&fbclid=REDACTED&gclid=REDACTED&utm_id=700000000000026900&utm_campaign=700000000000026900,https://example.com/wholesale/?utm_source=google&utm_medium=cpc&utm_term=brand&utm_content=cpc-generic&fbclid=REDACTED&gclid=REDACTED&utm_id=700000000000026900&utm_campaign=700000000000026900,google,organic,Australia,"Aquaphor, NIVEA, The Ordinary, Fenty Beauty, Dr Teal’s, Garnier","Below $5,000",Brazil,Saudi Arabia,Pharmacy,Other,Costa Supply 196,Alex Costa,alex.costa.196@example.invalid,234,5559750000,Email,,,1,10,21
900197,2/27/2026 20:53,https://example.com/wholesale/?utm_source=google&utm_medium=cpc&utm_term=brand&utm_content=cpc-generic&fbclid=REDACTED&gclid=REDACTED&utm_id=700000000000027000&utm_campaign=700000000000027000,https://example.com/wholesale/?utm_source=google&utm_medium=cpc&utm_term=brand&utm_content=cpc-generic&fbclid=REDACTED&gclid=REDACTED&utm_id=700000000000027000&utm_campaign=700000000000027000,google,organic,Singapore," Shea Moisture, Dr Teal’s, Advanced Clinicals, Eucerin, Kiehl’s, L’Oréal Paris","Above $20,000 - $50,000",Singapore,Singapore,Distributor,LinkedIn,Rossi LLC 197,Luis Rossi,luis.rossi.197@example.com,254,5557980000,Phone Call,https://example.com/luis.rossi.197,,2,2,27
900198,7/25/2026 5:48,https://example.com/wholesale/,https://example.com/wholesale/?utm_source=google&utm_medium=cpc&utm_term=brand&utm_content=cpc-generic&fbclid=REDACTED&gclid=REDACTED&utm_id=700000000000027100&utm_campaign=700000000000027100,google,organic,Brazil,"Aquaphor, Aveeno","Below $5,000",Spain,Netherlands,Retail Chain,Youtube,Haddad Supply 198,Omar Haddad,omar.haddad.198@example.com,55,5554900000,Phone Call,,,4,7,25
900199,9/21/2026 13:06,https://example.com/wholesale/?utm_source=google&utm_medium=cpc&utm_term=brand&utm_content=cpc-generic&fbclid=REDACTED&gclid=REDACTED&utm_id=700000000000027300&utm_campaign=700000000000027300,https://example.com/wholesale/?utm_source=google&utm_medium=cpc&utm_term=brand&utm_content=cpc-generic&fbclid=REDACTED&gclid=REDACTED&utm_id=700000000000027300&utm_campaign=700000000000027300,google,organic,Spain,"Dr Teal’s, Aveeno, Kiehl’s","Above $20,000 - $50,000",Spain,Spain,Wholesaler,Google,Nguyen Distribution 199,Aisha Nguyen,aisha.nguyen.199@example.com,44,5553850000,WeChat,,,4,9,21
